,sum_max_potential_value,1,2,3,4,5,6,7,8,9,10,11,12,13,14,15,16,17,18
0,30.0,3.0,3.0,1.0,2.0,1.0,2.0,2.0,2.0,2.0,2.0,2.0,1.0,1.0,1.0,1.0,2.0,1.0,1.0
1,31.0,3.0,4.0,1.0,2.0,1.0,2.0,2.0,2.0,2.0,2.0,2.0,1.0,1.0,1.0,1.0,2.0,1.0,1.0
2,31.0,3.0,4.0,1.0,2.0,1.0,2.0,2.0,2.0,2.0,2.0,2.0,1.0,1.0,1.0,1.0,2.0,1.0,1.0
3,34.0,3.0,4.0,1.0,2.0,2.0,2.0,2.0,2.0,2.0,3.0,2.0,1.0,1.0,2.0,1.0,2.0,1.0,1.0
4,34.0,3.0,4.0,1.0,2.0,2.0,2.0,2.0,2.0,2.0,3.0,2.0,1.0,1.0,2.0,1.0,2.0,1.0,1.0
5,35.0,3.0,4.0,1.0,2.0,2.0,3.0,2.0,2.0,2.0,3.0,2.0,1.0,1.0,2.0,1.0,2.0,1.0,1.0
6,36.0,3.0,4.0,2.0,2.0,2.0,3.0,2.0,2.0,2.0,3.0,2.0,1.0,1.0,2.0,1.0,2.0,1.0,1.0
7,36.0,3.0,4.0,2.0,2.0,2.0,3.0,2.0,2.0,2.0,3.0,2.0,1.0,1.0,2.0,1.0,2.0,1.0,1.0
8,38.0,3.0,4.0,2.0,3.0,2.0,3.0,2.0,2.0,2.0,3.0,3.0,1.0,1.0,2.0,1.0,2.0,1.0,1.0
9,38.0,3.0,4.0,2.0,3.0,2.0,3.0,2.0,2.0,2.0,3.0,3.0,1.0,1.0,2.0,1.0,2.0,1.0,1.0
10,38.0,3.0,4.0,2.0,3.0,2.0,3.0,2.0,2.0,2.0,3.0,3.0,1.0,1.0,2.0,1.0,2.0,1.0,1.0
11,38.0,3.0,4.0,2.0,3.0,2.0,3.0,2.0,2.0,2.0,3.0,3.0,1.0,1.0,2.0,1.0,2.0,1.0,1.0
12,38.0,3.0,4.0,2.0,3.0,2.0,3.0,2.0,2.0,2.0,3.0,3.0,1.0,1.0,2.0,1.0,2.0,1.0,1.0
13,38.0,3.0,4.0,2.0,3.0,2.0,3.0,2.0,2.0,2.0,3.0,3.0,1.0,1.0,2.0,1.0,2.0,1.0,1.0
14,38.0,3.0,4.0,2.0,3.0,2.0,3.0,2.0,2.0,2.0,3.0,3.0,1.0,1.0,2.0,1.0,2.0,1.0,1.0
15,38.0,3.0,4.0,2.0,3.0,2.0,3.0,2.0,2.0,2.0,3.0,3.0,1.0,1.0,2.0,1.0,2.0,1.0,1.0
16,38.0,3.0,4.0,2.0,3.0,2.0,3.0,2.0,2.0,2.0,3.0,3.0,1.0,1.0,2.0,1.0,2.0,1.0,1.0
17,38.0,3.0,4.0,2.0,3.0,2.0,3.0,2.0,2.0,2.0,3.0,3.0,1.0,1.0,2.0,1.0,2.0,1.0,1.0
18,39.0,3.0,4.0,2.0,3.0,2.0,3.0,2.0,2.0,2.0,3.0,3.0,1.0,1.0,3.0,1.0,2.0,1.0,1.0
19,39.0,3.0,4.0,2.0,3.0,2.0,3.0,2.0,2.0,2.0,3.0,3.0,1.0,1.0,3.0,1.0,2.0,1.0,1.0
20,40.0,4.0,4.0,2.0,3.0,2.0,3.0,2.0,2.0,2.0,3.0,3.0,1.0,1.0,3.0,1.0,2.0,1.0,1.0
21,40.0,4.0,4.0,2.0,3.0,2.0,3.0,2.0,2.0,2.0,3.0,3.0,1.0,1.0,3.0,1.0,2.0,1.0,1.0
22,40.0,4.0,4.0,2.0,3.0,2.0,3.0,2.0,2.0,2.0,3.0,3.0,1.0,1.0,3.0,1.0,2.0,1.0,1.0
23,40.0,4.0,4.0,2.0,3.0,2.0,3.0,2.0,2.0,2.0,3.0,3.0,1.0,1.0,3.0,1.0,2.0,1.0,1.0
24,40.0,4.0,4.0,2.0,3.0,2.0,3.0,2.0,2.0,2.0,3.0,3.0,1.0,1.0,3.0,1.0,2.0,1.0,1.0
25,40.0,4.0,4.0,2.0,3.0,2.0,3.0,2.0,2.0,2.0,3.0,3.0,1.0,1.0,3.0,1.0,2.0,1.0,1.0
26,40.0,4.0,4.0,2.0,3.0,2.0,3.0,2.0,2.0,2.0,3.0,3.0,1.0,1.0,3.0,1.0,2.0,1.0,1.0
27,40.0,4.0,4.0,2.0,3.0,2.0,3.0,2.0,2.0,2.0,3.0,3.0,1.0,1.0,3.0,1.0,2.0,1.0,1.0
28,40.0,4.0,4.0,2.0,3.0,2.0,3.0,2.0,2.0,2.0,3.0,3.0,1.0,1.0,3.0,1.0,2.0,1.0,1.0
29,40.0,4.0,4.0,2.0,3.0,2.0,3.0,2.0,2.0,2.0,3.0,3.0,1.0,1.0,3.0,1.0,2.0,1.0,1.0
30,40.0,4.0,4.0,2.0,3.0,2.0,3.0,2.0,2.0,2.0,3.0,3.0,1.0,1.0,3.0,1.0,2.0,1.0,1.0
31,40.0,4.0,4.0,2.0,3.0,2.0,3.0,2.0,2.0,2.0,3.0,3.0,1.0,1.0,3.0,1.0,2.0,1.0,1.0
32,40.0,4.0,4.0,2.0,3.0,2.0,3.0,2.0,2.0,2.0,3.0,3.0,1.0,1.0,3.0,1.0,2.0,1.0,1.0
33,40.0,4.0,4.0,2.0,3.0,2.0,3.0,2.0,2.0,2.0,3.0,3.0,1.0,1.0,3.0,1.0,2.0,1.0,1.0
34,40.0,4.0,4.0,2.0,3.0,2.0,3.0,2.0,2.0,2.0,3.0,3.0,1.0,1.0,3.0,1.0,2.0,1.0,1.0
35,40.0,4.0,4.0,2.0,3.0,2.0,3.0,2.0,2.0,2.0,3.0,3.0,1.0,1.0,3.0,1.0,2.0,1.0,1.0
36,40.0,4.0,4.0,2.0,3.0,2.0,3.0,2.0,2.0,2.0,3.0,3.0,1.0,1.0,3.0,1.0,2.0,1.0,1.0
37,40.0,4.0,4.0,2.0,3.0,2.0,3.0,2.0,2.0,2.0,3.0,3.0,1.0,1.0,3.0,1.0,2.0,1.0,1.0
38,40.0,4.0,4.0,2.0,3.0,2.0,3.0,2.0,2.0,2.0,3.0,3.0,1.0,1.0,3.0,1.0,2.0,1.0,1.0
39,40.0,4.0,4.0,2.0,3.0,2.0,3.0,2.0,2.0,2.0,3.0,3.0,1.0,1.0,3.0,1.0,2.0,1.0,1.0
40,40.0,4.0,4.0,2.0,3.0,2.0,3.0,2.0,2.0,2.0,3.0,3.0,1.0,1.0,3.0,1.0,2.0,1.0,1.0
41,40.0,4.0,4.0,2.0,3.0,2.0,3.0,2.0,2.0,2.0,3.0,3.0,1.0,1.0,3.0,1.0,2.0,1.0,1.0
42,40.0,4.0,4.0,2.0,3.0,2.0,3.0,2.0,2.0,2.0,3.0,3.0,1.0,1.0,3.0,1.0,2.0,1.0,1.0
43,40.0,4.0,4.0,2.0,3.0,2.0,3.0,2.0,2.0,2.0,3.0,3.0,1.0,1.0,3.0,1.0,2.0,1.0,1.0
44,40.0,4.0,4.0,2.0,3.0,2.0,3.0,2.0,2.0,2.0,3.0,3.0,1.0,1.0,3.0,1.0,2.0,1.0,1.0
45,40.0,4.0,4.0,2.0,3.0,2.0,3.0,2.0,2.0,2.0,3.0,3.0,1.0,1.0,3.0,1.0,2.0,1.0,1.0
46,40.0,4.0,4.0,2.0,3.0,2.0,3.0,2.0,2.0,2.0,3.0,3.0,1.0,1.0,3.0,1.0,2.0,1.0,1.0
47,40.0,4.0,4.0,2.0,3.0,2.0,3.0,2.0,2.0,2.0,3.0,3.0,1.0,1.0,3.0,1.0,2.0,1.0,1.0
48,40.0,4.0,4.0,2.0,3.0,2.0,3.0,2.0,2.0,2.0,3.0,3.0,1.0,1.0,3.0,1.0,2.0,1.0,1.0
49,40.0,4.0,4.0,2.0,3.0,2.0,3.0,2.0,2.0,2.0,3.0,3.0,1.0,1.0,3.0,1.0,2.0,1.0,1.0
50,40.0,4.0,4.0,2.0,3.0,2.0,3.0,2.0,2.0,2.0,3.0,3.0,1.0,1.0,3.0,1.0,2.0,1.0,1.0
51,40.0,4.0,4.0,2.0,3.0,2.0,3.0,2.0,2.0,2.0,3.0,3.0,1.0,1.0,3.0,1.0,2.0,1.0,1.0
52,40.0,4.0,4.0,2.0,3.0,2.0,3.0,2.0,2.0,2.0,3.0,3.0,1.0,1.0,3.0,1.0,2.0,1.0,1.0
53,40.0,4.0,4.0,2.0,3.0,2.0,3.0,2.0,2.0,2.0,3.0,3.0,1.0,1.0,3.0,1.0,2.0,1.0,1.0
54,40.0,4.0,4.0,2.0,3.0,2.0,3.0,2.0,2.0,2.0,3.0,3.0,1.0,1.0,3.0,1.0,2.0,1.0,1.0
55,40.0,4.0,4.0,2.0,3.0,2.0,3.0,2.0,2.0,2.0,3.0,3.0,1.0,1.0,3.0,1.0,2.0,1.0,1.0
56,40.0,4.0,4.0,2.0,3.0,2.0,3.0,2.0,2.0,2.0,3.0,3.0,1.0,1.0,3.0,1.0,2.0,1.0,1.0
57,40.0,4.0,4.0,2.0,3.0,2.0,3.0,2.0,2.0,2.0,3.0,3.0,1.0,1.0,3.0,1.0,2.0,1.0,1.0
58,40.0,4.0,4.0,2.0,3.0,2.0,3.0,2.0,2.0,2.0,3.0,3.0,1.0,1.0,3.0,1.0,2.0,1.0,1.0
59,40.0,4.0,4.0,2.0,3.0,2.0,3.0,2.0,2.0,2.0,3.0,3.0,1.0,1.0,3.0,1.0,2.0,1.0,1.0
60,40.0,4.0,4.0,2.0,3.0,2.0,3.0,2.0,2.0,2.0,3.0,3.0,1.0,1.0,3.0,1.0,2.0,1.0,1.0
61,40.0,4.0,4.0,2.0,3.0,2.0,3.0,2.0,2.0,2.0,3.0,3.0,1.0,1.0,3.0,1.0,2.0,1.0,1.0
62,40.0,4.0,4.0,2.0,3.0,2.0,3.0,2.0,2.0,2.0,3.0,3.0,1.0,1.0,3.0,1.0,2.0,1.0,1.0
63,40.0,4.0,4.0,2.0,3.0,2.0,3.0,2.0,2.0,2.0,3.0,3.0,1.0,1.0,3.0,1.0,2.0,1.0,1.0
64,40.0,4.0,4.0,2.0,3.0,2.0,3.0,2.0,2.0,2.0,3.0,3.0,1.0,1.0,3.0,1.0,2.0,1.0,1.0
65,40.0,4.0,4.0,2.0,3.0,2.0,3.0,2.0,2.0,2.0,3.0,3.0,1.0,1.0,3.0,1.0,2.0,1.0,1.0
66,40.0,4.0,4.0,2.0,3.0,2.0,3.0,2.0,2.0,2.0,3.0,3.0,1.0,1.0,3.0,1.0,2.0,1.0,1.0
67,40.0,4.0,4.0,2.0,3.0,2.0,3.0,2.0,2.0,2.0,3.0,3.0,1.0,1.0,3.0,1.0,2.0,1.0,1.0
68,40.0,4.0,4.0,2.0,3.0,2.0,3.0,2.0,2.0,2.0,3.0,3.0,1.0,1.0,3.0,1.0,2.0,1.0,1.0
69,40.0,4.0,4.0,2.0,3.0,2.0,3.0,2.0,2.0,2.0,3.0,3.0,1.0,1.0,3.0,1.0,2.0,1.0,1.0
70,40.0,4.0,4.0,2.0,3.0,2.0,3.0,2.0,2.0,2.0,3.0,3.0,1.0,1.0,3.0,1.0,2.0,1.0,1.0
71,40.0,4.0,4.0,2.0,3.0,2.0,3.0,2.0,2.0,2.0,3.0,3.0,1.0,1.0,3.0,1.0,2.0,1.0,1.0
72,40.0,4.0,4.0,2.0,3.0,2.0,3.0,2.0,2.0,2.0,3.0,3.0,1.0,1.0,3.0,1.0,2.0,1.0,1.0
73,40.0,4.0,4.0,2.0,3.0,2.0,3.0,2.0,2.0,2.0,3.0,3.0,1.0,1.0,3.0,1.0,2.0,1.0,1.0
74,40.0,4.0,4.0,2.0,3.0,2.0,3.0,2.0,2.0,2.0,3.0,3.0,1.0,1.0,3.0,1.0,2.0,1.0,1.0
75,40.0,4.0,4.0,2.0,3.0,2.0,3.0,2.0,2.0,2.0,3.0,3.0,1.0,1.0,3.0,1.0,2.0,1.0,1.0
76,41.0,4.0,4.0,2.0,3.0,2.0,3.0,2.0,2.0,2.0,3.0,4.0,1.0,1.0,3.0,1.0,2.0,1.0,1.0
77,41.0,4.0,4.0,2.0,3.0,2.0,3.0,2.0,2.0,2.0,3.0,4.0,1.0,1.0,3.0,1.0,2.0,1.0,1.0
78,41.0,4.0,4.0,2.0,3.0,2.0,3.0,2.0,2.0,2.0,3.0,4.0,1.0,1.0,3.0,1.0,2.0,1.0,1.0
79,41.0,4.0,4.0,2.0,3.0,2.0,3.0,2.0,2.0,2.0,3.0,4.0,1.0,1.0,3.0,1.0,2.0,1.0,1.0
80,41.0,4.0,4.0,2.0,3.0,2.0,3.0,2.0,2.0,2.0,3.0,4.0,1.0,1.0,3.0,1.0,2.0,1.0,1.0
81,41.0,4.0,4.0,2.0,3.0,2.0,3.0,2.0,2.0,2.0,3.0,4.0,1.0,1.0,3.0,1.0,2.0,1.0,1.0
82,41.0,4.0,4.0,2.0,3.0,2.0,3.0,2.0,2.0,2.0,3.0,4.0,1.0,1.0,3.0,1.0,2.0,1.0,1.0
83,41.0,4.0,4.0,2.0,3.0,2.0,3.0,2.0,2.0,2.0,3.0,4.0,1.0,1.0,3.0,1.0,2.0,1.0,1.0
84,41.0,4.0,4.0,2.0,3.0,2.0,3.0,2.0,2.0,2.0,3.0,4.0,1.0,1.0,3.0,1.0,2.0,1.0,1.0
85,41.0,4.0,4.0,2.0,3.0,2.0,3.0,2.0,2.0,2.0,3.0,4.0,1.0,1.0,3.0,1.0,2.0,1.0,1.0
86,41.0,4.0,4.0,2.0,3.0,2.0,3.0,2.0,2.0,2.0,3.0,4.0,1.0,1.0,3.0,1.0,2.0,1.0,1.0
87,41.0,4.0,4.0,2.0,3.0,2.0,3.0,2.0,2.0,2.0,3.0,4.0,1.0,1.0,3.0,1.0,2.0,1.0,1.0
88,41.0,4.0,4.0,2.0,3.0,2.0,3.0,2.0,2.0,2.0,3.0,4.0,1.0,1.0,3.0,1.0,2.0,1.0,1.0
89,41.0,4.0,4.0,2.0,3.0,2.0,3.0,2.0,2.0,2.0,3.0,4.0,1.0,1.0,3.0,1.0,2.0,1.0,1.0
90,41.0,4.0,4.0,2.0,3.0,2.0,3.0,2.0,2.0,2.0,3.0,4.0,1.0,1.0,3.0,1.0,2.0,1.0,1.0
91,41.0,4.0,4.0,2.0,3.0,2.0,3.0,2.0,2.0,2.0,3.0,4.0,1.0,1.0,3.0,1.0,2.0,1.0,1.0
92,41.0,4.0,4.0,2.0,3.0,2.0,3.0,2.0,2.0,2.0,3.0,4.0,1.0,1.0,3.0,1.0,2.0,1.0,1.0
93,41.0,4.0,4.0,2.0,3.0,2.0,3.0,2.0,2.0,2.0,3.0,4.0,1.0,1.0,3.0,1.0,2.0,1.0,1.0
94,41.0,4.0,4.0,2.0,3.0,2.0,3.0,2.0,2.0,2.0,3.0,4.0,1.0,1.0,3.0,1.0,2.0,1.0,1.0
95,41.0,4.0,4.0,2.0,3.0,2.0,3.0,2.0,2.0,2.0,3.0,4.0,1.0,1.0,3.0,1.0,2.0,1.0,1.0
96,41.0,4.0,4.0,2.0,3.0,2.0,3.0,2.0,2.0,2.0,3.0,4.0,1.0,1.0,3.0,1.0,2.0,1.0,1.0
97,41.0,4.0,4.0,2.0,3.0,2.0,3.0,2.0,2.0,2.0,3.0,4.0,1.0,1.0,3.0,1.0,2.0,1.0,1.0
98,41.0,4.0,4.0,2.0,3.0,2.0,3.0,2.0,2.0,2.0,3.0,4.0,1.0,1.0,3.0,1.0,2.0,1.0,1.0
99,41.0,4.0,4.0,2.0,3.0,2.0,3.0,2.0,2.0,2.0,3.0,4.0,1.0,1.0,3.0,1.0,2.0,1.0,1.0
100,41.0,4.0,4.0,2.0,3.0,2.0,3.0,2.0,2.0,2.0,3.0,4.0,1.0,1.0,3.0,1.0,2.0,1.0,1.0
101,41.0,4.0,4.0,2.0,3.0,2.0,3.0,2.0,2.0,2.0,3.0,4.0,1.0,1.0,3.0,1.0,2.0,1.0,1.0
102,41.0,4.0,4.0,2.0,3.0,2.0,3.0,2.0,2.0,2.0,3.0,4.0,1.0,1.0,3.0,1.0,2.0,1.0,1.0
103,41.0,4.0,4.0,2.0,3.0,2.0,3.0,2.0,2.0,2.0,3.0,4.0,1.0,1.0,3.0,1.0,2.0,1.0,1.0
104,41.0,4.0,4.0,2.0,3.0,2.0,3.0,2.0,2.0,2.0,3.0,4.0,1.0,1.0,3.0,1.0,2.0,1.0,1.0
105,41.0,4.0,4.0,2.0,3.0,2.0,3.0,2.0,2.0,2.0,3.0,4.0,1.0,1.0,3.0,1.0,2.0,1.0,1.0
106,41.0,4.0,4.0,2.0,3.0,2.0,3.0,2.0,2.0,2.0,3.0,4.0,1.0,1.0,3.0,1.0,2.0,1.0,1.0
107,41.0,4.0,4.0,2.0,3.0,2.0,3.0,2.0,2.0,2.0,3.0,4.0,1.0,1.0,3.0,1.0,2.0,1.0,1.0
108,41.0,4.0,4.0,2.0,3.0,2.0,3.0,2.0,2.0,2.0,3.0,4.0,1.0,1.0,3.0,1.0,2.0,1.0,1.0
109,41.0,4.0,4.0,2.0,3.0,2.0,3.0,2.0,2.0,2.0,3.0,4.0,1.0,1.0,3.0,1.0,2.0,1.0,1.0
110,41.0,4.0,4.0,2.0,3.0,2.0,3.0,2.0,2.0,2.0,3.0,4.0,1.0,1.0,3.0,1.0,2.0,1.0,1.0
111,41.0,4.0,4.0,2.0,3.0,2.0,3.0,2.0,2.0,2.0,3.0,4.0,1.0,1.0,3.0,1.0,2.0,1.0,1.0
112,41.0,4.0,4.0,2.0,3.0,2.0,3.0,2.0,2.0,2.0,3.0,4.0,1.0,1.0,3.0,1.0,2.0,1.0,1.0
113,41.0,4.0,4.0,2.0,3.0,2.0,3.0,2.0,2.0,2.0,3.0,4.0,1.0,1.0,3.0,1.0,2.0,1.0,1.0
114,41.0,4.0,4.0,2.0,3.0,2.0,3.0,2.0,2.0,2.0,3.0,4.0,1.0,1.0,3.0,1.0,2.0,1.0,1.0
115,41.0,4.0,4.0,2.0,3.0,2.0,3.0,2.0,2.0,2.0,3.0,4.0,1.0,1.0,3.0,1.0,2.0,1.0,1.0
116,41.0,4.0,4.0,2.0,3.0,2.0,3.0,2.0,2.0,2.0,3.0,4.0,1.0,1.0,3.0,1.0,2.0,1.0,1.0
117,41.0,4.0,4.0,2.0,3.0,2.0,3.0,2.0,2.0,2.0,3.0,4.0,1.0,1.0,3.0,1.0,2.0,1.0,1.0
118,41.0,4.0,4.0,2.0,3.0,2.0,3.0,2.0,2.0,2.0,3.0,4.0,1.0,1.0,3.0,1.0,2.0,1.0,1.0
119,41.0,4.0,4.0,2.0,3.0,2.0,3.0,2.0,2.0,2.0,3.0,4.0,1.0,1.0,3.0,1.0,2.0,1.0,1.0
120,41.0,4.0,4.0,2.0,3.0,2.0,3.0,2.0,2.0,2.0,3.0,4.0,1.0,1.0,3.0,1.0,2.0,1.0,1.0
121,41.0,4.0,4.0,2.0,3.0,2.0,3.0,2.0,2.0,2.0,3.0,4.0,1.0,1.0,3.0,1.0,2.0,1.0,1.0
122,41.0,4.0,4.0,2.0,3.0,2.0,3.0,2.0,2.0,2.0,3.0,4.0,1.0,1.0,3.0,1.0,2.0,1.0,1.0
123,41.0,4.0,4.0,2.0,3.0,2.0,3.0,2.0,2.0,2.0,3.0,4.0,1.0,1.0,3.0,1.0,2.0,1.0,1.0
124,41.0,4.0,4.0,2.0,3.0,2.0,3.0,2.0,2.0,2.0,3.0,4.0,1.0,1.0,3.0,1.0,2.0,1.0,1.0
125,41.0,4.0,4.0,2.0,3.0,2.0,3.0,2.0,2.0,2.0,3.0,4.0,1.0,1.0,3.0,1.0,2.0,1.0,1.0
126,41.0,4.0,4.0,2.0,3.0,2.0,3.0,2.0,2.0,2.0,3.0,4.0,1.0,1.0,3.0,1.0,2.0,1.0,1.0
127,41.0,4.0,4.0,2.0,3.0,2.0,3.0,2.0,2.0,2.0,3.0,4.0,1.0,1.0,3.0,1.0,2.0,1.0,1.0
128,41.0,4.0,4.0,2.0,3.0,2.0,3.0,2.0,2.0,2.0,3.0,4.0,1.0,1.0,3.0,1.0,2.0,1.0,1.0
129,41.0,4.0,4.0,2.0,3.0,2.0,3.0,2.0,2.0,2.0,3.0,4.0,1.0,1.0,3.0,1.0,2.0,1.0,1.0
130,41.0,4.0,4.0,2.0,3.0,2.0,3.0,2.0,2.0,2.0,3.0,4.0,1.0,1.0,3.0,1.0,2.0,1.0,1.0
131,41.0,4.0,4.0,2.0,3.0,2.0,3.0,2.0,2.0,2.0,3.0,4.0,1.0,1.0,3.0,1.0,2.0,1.0,1.0
132,41.0,4.0,4.0,2.0,3.0,2.0,3.0,2.0,2.0,2.0,3.0,4.0,1.0,1.0,3.0,1.0,2.0,1.0,1.0
133,41.0,4.0,4.0,2.0,3.0,2.0,3.0,2.0,2.0,2.0,3.0,4.0,1.0,1.0,3.0,1.0,2.0,1.0,1.0
134,41.0,4.0,4.0,2.0,3.0,2.0,3.0,2.0,2.0,2.0,3.0,4.0,1.0,1.0,3.0,1.0,2.0,1.0,1.0
135,41.0,4.0,4.0,2.0,3.0,2.0,3.0,2.0,2.0,2.0,3.0,4.0,1.0,1.0,3.0,1.0,2.0,1.0,1.0
136,41.0,4.0,4.0,2.0,3.0,2.0,3.0,2.0,2.0,2.0,3.0,4.0,1.0,1.0,3.0,1.0,2.0,1.0,1.0
137,41.0,4.0,4.0,2.0,3.0,2.0,3.0,2.0,2.0,2.0,3.0,4.0,1.0,1.0,3.0,1.0,2.0,1.0,1.0
138,41.0,4.0,4.0,2.0,3.0,2.0,3.0,2.0,2.0,2.0,3.0,4.0,1.0,1.0,3.0,1.0,2.0,1.0,1.0
139,41.0,4.0,4.0,2.0,3.0,2.0,3.0,2.0,2.0,2.0,3.0,4.0,1.0,1.0,3.0,1.0,2.0,1.0,1.0
140,41.0,4.0,4.0,2.0,3.0,2.0,3.0,2.0,2.0,2.0,3.0,4.0,1.0,1.0,3.0,1.0,2.0,1.0,1.0
141,41.0,4.0,4.0,2.0,3.0,2.0,3.0,2.0,2.0,2.0,3.0,4.0,1.0,1.0,3.0,1.0,2.0,1.0,1.0
142,41.0,4.0,4.0,2.0,3.0,2.0,3.0,2.0,2.0,2.0,3.0,4.0,1.0,1.0,3.0,1.0,2.0,1.0,1.0
143,41.0,4.0,4.0,2.0,3.0,2.0,3.0,2.0,2.0,2.0,3.0,4.0,1.0,1.0,3.0,1.0,2.0,1.0,1.0
144,41.0,4.0,4.0,2.0,3.0,2.0,3.0,2.0,2.0,2.0,3.0,4.0,1.0,1.0,3.0,1.0,2.0,1.0,1.0
145,41.0,4.0,4.0,2.0,3.0,2.0,3.0,2.0,2.0,2.0,3.0,4.0,1.0,1.0,3.0,1.0,2.0,1.0,1.0
146,41.0,4.0,4.0,2.0,3.0,2.0,3.0,2.0,2.0,2.0,3.0,4.0,1.0,1.0,3.0,1.0,2.0,1.0,1.0
147,41.0,4.0,4.0,2.0,3.0,2.0,3.0,2.0,2.0,2.0,3.0,4.0,1.0,1.0,3.0,1.0,2.0,1.0,1.0
148,41.0,4.0,4.0,2.0,3.0,2.0,3.0,2.0,2.0,2.0,3.0,4.0,1.0,1.0,3.0,1.0,2.0,1.0,1.0
149,41.0,4.0,4.0,2.0,3.0,2.0,3.0,2.0,2.0,2.0,3.0,4.0,1.0,1.0,3.0,1.0,2.0,1.0,1.0
150,41.0,4.0,4.0,2.0,3.0,2.0,3.0,2.0,2.0,2.0,3.0,4.0,1.0,1.0,3.0,1.0,2.0,1.0,1.0
151,41.0,4.0,4.0,2.0,3.0,2.0,3.0,2.0,2.0,2.0,3.0,4.0,1.0,1.0,3.0,1.0,2.0,1.0,1.0
152,41.0,4.0,4.0,2.0,3.0,2.0,3.0,2.0,2.0,2.0,3.0,4.0,1.0,1.0,3.0,1.0,2.0,1.0,1.0
153,41.0,4.0,4.0,2.0,3.0,2.0,3.0,2.0,2.0,2.0,3.0,4.0,1.0,1.0,3.0,1.0,2.0,1.0,1.0
154,41.0,4.0,4.0,2.0,3.0,2.0,3.0,2.0,2.0,2.0,3.0,4.0,1.0,1.0,3.0,1.0,2.0,1.0,1.0
155,41.0,4.0,4.0,2.0,3.0,2.0,3.0,2.0,2.0,2.0,3.0,4.0,1.0,1.0,3.0,1.0,2.0,1.0,1.0
156,41.0,4.0,4.0,2.0,3.0,2.0,3.0,2.0,2.0,2.0,3.0,4.0,1.0,1.0,3.0,1.0,2.0,1.0,1.0
157,41.0,4.0,4.0,2.0,3.0,2.0,3.0,2.0,2.0,2.0,3.0,4.0,1.0,1.0,3.0,1.0,2.0,1.0,1.0
158,41.0,4.0,4.0,2.0,3.0,2.0,3.0,2.0,2.0,2.0,3.0,4.0,1.0,1.0,3.0,1.0,2.0,1.0,1.0
159,41.0,4.0,4.0,2.0,3.0,2.0,3.0,2.0,2.0,2.0,3.0,4.0,1.0,1.0,3.0,1.0,2.0,1.0,1.0
160,41.0,4.0,4.0,2.0,3.0,2.0,3.0,2.0,2.0,2.0,3.0,4.0,1.0,1.0,3.0,1.0,2.0,1.0,1.0
161,41.0,4.0,4.0,2.0,3.0,2.0,3.0,2.0,2.0,2.0,3.0,4.0,1.0,1.0,3.0,1.0,2.0,1.0,1.0
162,41.0,4.0,4.0,2.0,3.0,2.0,3.0,2.0,2.0,2.0,3.0,4.0,1.0,1.0,3.0,1.0,2.0,1.0,1.0
163,41.0,4.0,4.0,2.0,3.0,2.0,3.0,2.0,2.0,2.0,3.0,4.0,1.0,1.0,3.0,1.0,2.0,1.0,1.0
164,41.0,4.0,4.0,2.0,3.0,2.0,3.0,2.0,2.0,2.0,3.0,4.0,1.0,1.0,3.0,1.0,2.0,1.0,1.0
165,41.0,4.0,4.0,2.0,3.0,2.0,3.0,2.0,2.0,2.0,3.0,4.0,1.0,1.0,3.0,1.0,2.0,1.0,1.0
166,41.0,4.0,4.0,2.0,3.0,2.0,3.0,2.0,2.0,2.0,3.0,4.0,1.0,1.0,3.0,1.0,2.0,1.0,1.0
167,41.0,4.0,4.0,2.0,3.0,2.0,3.0,2.0,2.0,2.0,3.0,4.0,1.0,1.0,3.0,1.0,2.0,1.0,1.0
168,41.0,4.0,4.0,2.0,3.0,2.0,3.0,2.0,2.0,2.0,3.0,4.0,1.0,1.0,3.0,1.0,2.0,1.0,1.0
169,41.0,4.0,4.0,2.0,3.0,2.0,3.0,2.0,2.0,2.0,3.0,4.0,1.0,1.0,3.0,1.0,2.0,1.0,1.0
170,41.0,4.0,4.0,2.0,3.0,2.0,3.0,2.0,2.0,2.0,3.0,4.0,1.0,1.0,3.0,1.0,2.0,1.0,1.0
171,41.0,4.0,4.0,2.0,3.0,2.0,3.0,2.0,2.0,2.0,3.0,4.0,1.0,1.0,3.0,1.0,2.0,1.0,1.0
172,41.0,4.0,4.0,2.0,3.0,2.0,3.0,2.0,2.0,2.0,3.0,4.0,1.0,1.0,3.0,1.0,2.0,1.0,1.0
173,41.0,4.0,4.0,2.0,3.0,2.0,3.0,2.0,2.0,2.0,3.0,4.0,1.0,1.0,3.0,1.0,2.0,1.0,1.0
174,41.0,4.0,4.0,2.0,3.0,2.0,3.0,2.0,2.0,2.0,3.0,4.0,1.0,1.0,3.0,1.0,2.0,1.0,1.0
175,41.0,4.0,4.0,2.0,3.0,2.0,3.0,2.0,2.0,2.0,3.0,4.0,1.0,1.0,3.0,1.0,2.0,1.0,1.0
176,41.0,4.0,4.0,2.0,3.0,2.0,3.0,2.0,2.0,2.0,3.0,4.0,1.0,1.0,3.0,1.0,2.0,1.0,1.0
177,41.0,4.0,4.0,2.0,3.0,2.0,3.0,2.0,2.0,2.0,3.0,4.0,1.0,1.0,3.0,1.0,2.0,1.0,1.0
178,41.0,4.0,4.0,2.0,3.0,2.0,3.0,2.0,2.0,2.0,3.0,4.0,1.0,1.0,3.0,1.0,2.0,1.0,1.0
179,41.0,4.0,4.0,2.0,3.0,2.0,3.0,2.0,2.0,2.0,3.0,4.0,1.0,1.0,3.0,1.0,2.0,1.0,1.0
180,41.0,4.0,4.0,2.0,3.0,2.0,3.0,2.0,2.0,2.0,3.0,4.0,1.0,1.0,3.0,1.0,2.0,1.0,1.0
181,41.0,4.0,4.0,2.0,3.0,2.0,3.0,2.0,2.0,2.0,3.0,4.0,1.0,1.0,3.0,1.0,2.0,1.0,1.0
182,41.0,4.0,4.0,2.0,3.0,2.0,3.0,2.0,2.0,2.0,3.0,4.0,1.0,1.0,3.0,1.0,2.0,1.0,1.0
183,41.0,4.0,4.0,2.0,3.0,2.0,3.0,2.0,2.0,2.0,3.0,4.0,1.0,1.0,3.0,1.0,2.0,1.0,1.0
184,41.0,4.0,4.0,2.0,3.0,2.0,3.0,2.0,2.0,2.0,3.0,4.0,1.0,1.0,3.0,1.0,2.0,1.0,1.0
185,41.0,4.0,4.0,2.0,3.0,2.0,3.0,2.0,2.0,2.0,3.0,4.0,1.0,1.0,3.0,1.0,2.0,1.0,1.0
186,41.0,4.0,4.0,2.0,3.0,2.0,3.0,2.0,2.0,2.0,3.0,4.0,1.0,1.0,3.0,1.0,2.0,1.0,1.0
187,41.0,4.0,4.0,2.0,3.0,2.0,3.0,2.0,2.0,2.0,3.0,4.0,1.0,1.0,3.0,1.0,2.0,1.0,1.0
188,41.0,4.0,4.0,2.0,3.0,2.0,3.0,2.0,2.0,2.0,3.0,4.0,1.0,1.0,3.0,1.0,2.0,1.0,1.0
189,41.0,4.0,4.0,2.0,3.0,2.0,3.0,2.0,2.0,2.0,3.0,4.0,1.0,1.0,3.0,1.0,2.0,1.0,1.0
190,41.0,4.0,4.0,2.0,3.0,2.0,3.0,2.0,2.0,2.0,3.0,4.0,1.0,1.0,3.0,1.0,2.0,1.0,1.0
191,41.0,4.0,4.0,2.0,3.0,2.0,3.0,2.0,2.0,2.0,3.0,4.0,1.0,1.0,3.0,1.0,2.0,1.0,1.0
192,41.0,4.0,4.0,2.0,3.0,2.0,3.0,2.0,2.0,2.0,3.0,4.0,1.0,1.0,3.0,1.0,2.0,1.0,1.0
193,41.0,4.0,4.0,2.0,3.0,2.0,3.0,2.0,2.0,2.0,3.0,4.0,1.0,1.0,3.0,1.0,2.0,1.0,1.0
194,41.0,4.0,4.0,2.0,3.0,2.0,3.0,2.0,2.0,2.0,3.0,4.0,1.0,1.0,3.0,1.0,2.0,1.0,1.0
195,41.0,4.0,4.0,2.0,3.0,2.0,3.0,2.0,2.0,2.0,3.0,4.0,1.0,1.0,3.0,1.0,2.0,1.0,1.0
196,41.0,4.0,4.0,2.0,3.0,2.0,3.0,2.0,2.0,2.0,3.0,4.0,1.0,1.0,3.0,1.0,2.0,1.0,1.0
197,41.0,4.0,4.0,2.0,3.0,2.0,3.0,2.0,2.0,2.0,3.0,4.0,1.0,1.0,3.0,1.0,2.0,1.0,1.0
198,41.0,4.0,4.0,2.0,3.0,2.0,3.0,2.0,2.0,2.0,3.0,4.0,1.0,1.0,3.0,1.0,2.0,1.0,1.0
199,41.0,4.0,4.0,2.0,3.0,2.0,3.0,2.0,2.0,2.0,3.0,4.0,1.0,1.0,3.0,1.0,2.0,1.0,1.0
200,42.0,4.0,4.0,2.0,3.0,3.0,3.0,2.0,2.0,2.0,3.0,4.0,1.0,1.0,3.0,1.0,2.0,1.0,1.0
201,42.0,4.0,4.0,2.0,3.0,3.0,3.0,2.0,2.0,2.0,3.0,4.0,1.0,1.0,3.0,1.0,2.0,1.0,1.0
202,42.0,4.0,4.0,2.0,3.0,3.0,3.0,2.0,2.0,2.0,3.0,4.0,1.0,1.0,3.0,1.0,2.0,1.0,1.0
203,42.0,4.0,4.0,2.0,3.0,3.0,3.0,2.0,2.0,2.0,3.0,4.0,1.0,1.0,3.0,1.0,2.0,1.0,1.0
204,42.0,4.0,4.0,2.0,3.0,3.0,3.0,2.0,2.0,2.0,3.0,4.0,1.0,1.0,3.0,1.0,2.0,1.0,1.0
205,42.0,4.0,4.0,2.0,3.0,3.0,3.0,2.0,2.0,2.0,3.0,4.0,1.0,1.0,3.0,1.0,2.0,1.0,1.0
206,42.0,4.0,4.0,2.0,3.0,3.0,3.0,2.0,2.0,2.0,3.0,4.0,1.0,1.0,3.0,1.0,2.0,1.0,1.0
207,42.0,4.0,4.0,2.0,3.0,3.0,3.0,2.0,2.0,2.0,3.0,4.0,1.0,1.0,3.0,1.0,2.0,1.0,1.0
208,42.0,4.0,4.0,2.0,3.0,3.0,3.0,2.0,2.0,2.0,3.0,4.0,1.0,1.0,3.0,1.0,2.0,1.0,1.0
209,42.0,4.0,4.0,2.0,3.0,3.0,3.0,2.0,2.0,2.0,3.0,4.0,1.0,1.0,3.0,1.0,2.0,1.0,1.0
210,42.0,4.0,4.0,2.0,3.0,3.0,3.0,2.0,2.0,2.0,3.0,4.0,1.0,1.0,3.0,1.0,2.0,1.0,1.0
211,42.0,4.0,4.0,2.0,3.0,3.0,3.0,2.0,2.0,2.0,3.0,4.0,1.0,1.0,3.0,1.0,2.0,1.0,1.0
212,42.0,4.0,4.0,2.0,3.0,3.0,3.0,2.0,2.0,2.0,3.0,4.0,1.0,1.0,3.0,1.0,2.0,1.0,1.0
213,42.0,4.0,4.0,2.0,3.0,3.0,3.0,2.0,2.0,2.0,3.0,4.0,1.0,1.0,3.0,1.0,2.0,1.0,1.0
214,42.0,4.0,4.0,2.0,3.0,3.0,3.0,2.0,2.0,2.0,3.0,4.0,1.0,1.0,3.0,1.0,2.0,1.0,1.0
215,42.0,4.0,4.0,2.0,3.0,3.0,3.0,2.0,2.0,2.0,3.0,4.0,1.0,1.0,3.0,1.0,2.0,1.0,1.0
216,42.0,4.0,4.0,2.0,3.0,3.0,3.0,2.0,2.0,2.0,3.0,4.0,1.0,1.0,3.0,1.0,2.0,1.0,1.0
217,42.0,4.0,4.0,2.0,3.0,3.0,3.0,2.0,2.0,2.0,3.0,4.0,1.0,1.0,3.0,1.0,2.0,1.0,1.0
218,42.0,4.0,4.0,2.0,3.0,3.0,3.0,2.0,2.0,2.0,3.0,4.0,1.0,1.0,3.0,1.0,2.0,1.0,1.0
219,42.0,4.0,4.0,2.0,3.0,3.0,3.0,2.0,2.0,2.0,3.0,4.0,1.0,1.0,3.0,1.0,2.0,1.0,1.0
220,42.0,4.0,4.0,2.0,3.0,3.0,3.0,2.0,2.0,2.0,3.0,4.0,1.0,1.0,3.0,1.0,2.0,1.0,1.0
221,42.0,4.0,4.0,2.0,3.0,3.0,3.0,2.0,2.0,2.0,3.0,4.0,1.0,1.0,3.0,1.0,2.0,1.0,1.0
222,42.0,4.0,4.0,2.0,3.0,3.0,3.0,2.0,2.0,2.0,3.0,4.0,1.0,1.0,3.0,1.0,2.0,1.0,1.0
223,42.0,4.0,4.0,2.0,3.0,3.0,3.0,2.0,2.0,2.0,3.0,4.0,1.0,1.0,3.0,1.0,2.0,1.0,1.0
224,42.0,4.0,4.0,2.0,3.0,3.0,3.0,2.0,2.0,2.0,3.0,4.0,1.0,1.0,3.0,1.0,2.0,1.0,1.0
225,42.0,4.0,4.0,2.0,3.0,3.0,3.0,2.0,2.0,2.0,3.0,4.0,1.0,1.0,3.0,1.0,2.0,1.0,1.0
226,42.0,4.0,4.0,2.0,3.0,3.0,3.0,2.0,2.0,2.0,3.0,4.0,1.0,1.0,3.0,1.0,2.0,1.0,1.0
227,42.0,4.0,4.0,2.0,3.0,3.0,3.0,2.0,2.0,2.0,3.0,4.0,1.0,1.0,3.0,1.0,2.0,1.0,1.0
228,42.0,4.0,4.0,2.0,3.0,3.0,3.0,2.0,2.0,2.0,3.0,4.0,1.0,1.0,3.0,1.0,2.0,1.0,1.0
229,42.0,4.0,4.0,2.0,3.0,3.0,3.0,2.0,2.0,2.0,3.0,4.0,1.0,1.0,3.0,1.0,2.0,1.0,1.0
230,42.0,4.0,4.0,2.0,3.0,3.0,3.0,2.0,2.0,2.0,3.0,4.0,1.0,1.0,3.0,1.0,2.0,1.0,1.0
231,42.0,4.0,4.0,2.0,3.0,3.0,3.0,2.0,2.0,2.0,3.0,4.0,1.0,1.0,3.0,1.0,2.0,1.0,1.0
232,42.0,4.0,4.0,2.0,3.0,3.0,3.0,2.0,2.0,2.0,3.0,4.0,1.0,1.0,3.0,1.0,2.0,1.0,1.0
233,42.0,4.0,4.0,2.0,3.0,3.0,3.0,2.0,2.0,2.0,3.0,4.0,1.0,1.0,3.0,1.0,2.0,1.0,1.0
234,42.0,4.0,4.0,2.0,3.0,3.0,3.0,2.0,2.0,2.0,3.0,4.0,1.0,1.0,3.0,1.0,2.0,1.0,1.0
235,42.0,4.0,4.0,2.0,3.0,3.0,3.0,2.0,2.0,2.0,3.0,4.0,1.0,1.0,3.0,1.0,2.0,1.0,1.0
236,42.0,4.0,4.0,2.0,3.0,3.0,3.0,2.0,2.0,2.0,3.0,4.0,1.0,1.0,3.0,1.0,2.0,1.0,1.0
237,42.0,4.0,4.0,2.0,3.0,3.0,3.0,2.0,2.0,2.0,3.0,4.0,1.0,1.0,3.0,1.0,2.0,1.0,1.0
238,42.0,4.0,4.0,2.0,3.0,3.0,3.0,2.0,2.0,2.0,3.0,4.0,1.0,1.0,3.0,1.0,2.0,1.0,1.0
239,42.0,4.0,4.0,2.0,3.0,3.0,3.0,2.0,2.0,2.0,3.0,4.0,1.0,1.0,3.0,1.0,2.0,1.0,1.0
240,42.0,4.0,4.0,2.0,3.0,3.0,3.0,2.0,2.0,2.0,3.0,4.0,1.0,1.0,3.0,1.0,2.0,1.0,1.0
241,42.0,4.0,4.0,2.0,3.0,3.0,3.0,2.0,2.0,2.0,3.0,4.0,1.0,1.0,3.0,1.0,2.0,1.0,1.0
242,42.0,4.0,4.0,2.0,3.0,3.0,3.0,2.0,2.0,2.0,3.0,4.0,1.0,1.0,3.0,1.0,2.0,1.0,1.0
243,42.0,4.0,4.0,2.0,3.0,3.0,3.0,2.0,2.0,2.0,3.0,4.0,1.0,1.0,3.0,1.0,2.0,1.0,1.0
244,42.0,4.0,4.0,2.0,3.0,3.0,3.0,2.0,2.0,2.0,3.0,4.0,1.0,1.0,3.0,1.0,2.0,1.0,1.0
245,42.0,4.0,4.0,2.0,3.0,3.0,3.0,2.0,2.0,2.0,3.0,4.0,1.0,1.0,3.0,1.0,2.0,1.0,1.0
246,42.0,4.0,4.0,2.0,3.0,3.0,3.0,2.0,2.0,2.0,3.0,4.0,1.0,1.0,3.0,1.0,2.0,1.0,1.0
247,42.0,4.0,4.0,2.0,3.0,3.0,3.0,2.0,2.0,2.0,3.0,4.0,1.0,1.0,3.0,1.0,2.0,1.0,1.0
248,42.0,4.0,4.0,2.0,3.0,3.0,3.0,2.0,2.0,2.0,3.0,4.0,1.0,1.0,3.0,1.0,2.0,1.0,1.0
249,42.0,4.0,4.0,2.0,3.0,3.0,3.0,2.0,2.0,2.0,3.0,4.0,1.0,1.0,3.0,1.0,2.0,1.0,1.0
250,42.0,4.0,4.0,2.0,3.0,3.0,3.0,2.0,2.0,2.0,3.0,4.0,1.0,1.0,3.0,1.0,2.0,1.0,1.0
251,42.0,4.0,4.0,2.0,3.0,3.0,3.0,2.0,2.0,2.0,3.0,4.0,1.0,1.0,3.0,1.0,2.0,1.0,1.0
252,42.0,4.0,4.0,2.0,3.0,3.0,3.0,2.0,2.0,2.0,3.0,4.0,1.0,1.0,3.0,1.0,2.0,1.0,1.0
253,42.0,4.0,4.0,2.0,3.0,3.0,3.0,2.0,2.0,2.0,3.0,4.0,1.0,1.0,3.0,1.0,2.0,1.0,1.0
254,42.0,4.0,4.0,2.0,3.0,3.0,3.0,2.0,2.0,2.0,3.0,4.0,1.0,1.0,3.0,1.0,2.0,1.0,1.0
255,42.0,4.0,4.0,2.0,3.0,3.0,3.0,2.0,2.0,2.0,3.0,4.0,1.0,1.0,3.0,1.0,2.0,1.0,1.0
256,42.0,4.0,4.0,2.0,3.0,3.0,3.0,2.0,2.0,2.0,3.0,4.0,1.0,1.0,3.0,1.0,2.0,1.0,1.0
257,42.0,4.0,4.0,2.0,3.0,3.0,3.0,2.0,2.0,2.0,3.0,4.0,1.0,1.0,3.0,1.0,2.0,1.0,1.0
258,42.0,4.0,4.0,2.0,3.0,3.0,3.0,2.0,2.0,2.0,3.0,4.0,1.0,1.0,3.0,1.0,2.0,1.0,1.0
259,42.0,4.0,4.0,2.0,3.0,3.0,3.0,2.0,2.0,2.0,3.0,4.0,1.0,1.0,3.0,1.0,2.0,1.0,1.0
260,42.0,4.0,4.0,2.0,3.0,3.0,3.0,2.0,2.0,2.0,3.0,4.0,1.0,1.0,3.0,1.0,2.0,1.0,1.0
261,42.0,4.0,4.0,2.0,3.0,3.0,3.0,2.0,2.0,2.0,3.0,4.0,1.0,1.0,3.0,1.0,2.0,1.0,1.0
262,42.0,4.0,4.0,2.0,3.0,3.0,3.0,2.0,2.0,2.0,3.0,4.0,1.0,1.0,3.0,1.0,2.0,1.0,1.0
263,42.0,4.0,4.0,2.0,3.0,3.0,3.0,2.0,2.0,2.0,3.0,4.0,1.0,1.0,3.0,1.0,2.0,1.0,1.0
264,42.0,4.0,4.0,2.0,3.0,3.0,3.0,2.0,2.0,2.0,3.0,4.0,1.0,1.0,3.0,1.0,2.0,1.0,1.0
265,42.0,4.0,4.0,2.0,3.0,3.0,3.0,2.0,2.0,2.0,3.0,4.0,1.0,1.0,3.0,1.0,2.0,1.0,1.0
266,42.0,4.0,4.0,2.0,3.0,3.0,3.0,2.0,2.0,2.0,3.0,4.0,1.0,1.0,3.0,1.0,2.0,1.0,1.0
267,42.0,4.0,4.0,2.0,3.0,3.0,3.0,2.0,2.0,2.0,3.0,4.0,1.0,1.0,3.0,1.0,2.0,1.0,1.0
268,42.0,4.0,4.0,2.0,3.0,3.0,3.0,2.0,2.0,2.0,3.0,4.0,1.0,1.0,3.0,1.0,2.0,1.0,1.0
269,42.0,4.0,4.0,2.0,3.0,3.0,3.0,2.0,2.0,2.0,3.0,4.0,1.0,1.0,3.0,1.0,2.0,1.0,1.0
270,42.0,4.0,4.0,2.0,3.0,3.0,3.0,2.0,2.0,2.0,3.0,4.0,1.0,1.0,3.0,1.0,2.0,1.0,1.0
271,42.0,4.0,4.0,2.0,3.0,3.0,3.0,2.0,2.0,2.0,3.0,4.0,1.0,1.0,3.0,1.0,2.0,1.0,1.0
272,42.0,4.0,4.0,2.0,3.0,3.0,3.0,2.0,2.0,2.0,3.0,4.0,1.0,1.0,3.0,1.0,2.0,1.0,1.0
273,42.0,4.0,4.0,2.0,3.0,3.0,3.0,2.0,2.0,2.0,3.0,4.0,1.0,1.0,3.0,1.0,2.0,1.0,1.0
274,42.0,4.0,4.0,2.0,3.0,3.0,3.0,2.0,2.0,2.0,3.0,4.0,1.0,1.0,3.0,1.0,2.0,1.0,1.0
275,42.0,4.0,4.0,2.0,3.0,3.0,3.0,2.0,2.0,2.0,3.0,4.0,1.0,1.0,3.0,1.0,2.0,1.0,1.0
276,42.0,4.0,4.0,2.0,3.0,3.0,3.0,2.0,2.0,2.0,3.0,4.0,1.0,1.0,3.0,1.0,2.0,1.0,1.0
277,42.0,4.0,4.0,2.0,3.0,3.0,3.0,2.0,2.0,2.0,3.0,4.0,1.0,1.0,3.0,1.0,2.0,1.0,1.0
278,42.0,4.0,4.0,2.0,3.0,3.0,3.0,2.0,2.0,2.0,3.0,4.0,1.0,1.0,3.0,1.0,2.0,1.0,1.0
279,42.0,4.0,4.0,2.0,3.0,3.0,3.0,2.0,2.0,2.0,3.0,4.0,1.0,1.0,3.0,1.0,2.0,1.0,1.0
280,42.0,4.0,4.0,2.0,3.0,3.0,3.0,2.0,2.0,2.0,3.0,4.0,1.0,1.0,3.0,1.0,2.0,1.0,1.0
281,42.0,4.0,4.0,2.0,3.0,3.0,3.0,2.0,2.0,2.0,3.0,4.0,1.0,1.0,3.0,1.0,2.0,1.0,1.0
282,42.0,4.0,4.0,2.0,3.0,3.0,3.0,2.0,2.0,2.0,3.0,4.0,1.0,1.0,3.0,1.0,2.0,1.0,1.0
283,42.0,4.0,4.0,2.0,3.0,3.0,3.0,2.0,2.0,2.0,3.0,4.0,1.0,1.0,3.0,1.0,2.0,1.0,1.0
284,42.0,4.0,4.0,2.0,3.0,3.0,3.0,2.0,2.0,2.0,3.0,4.0,1.0,1.0,3.0,1.0,2.0,1.0,1.0
285,42.0,4.0,4.0,2.0,3.0,3.0,3.0,2.0,2.0,2.0,3.0,4.0,1.0,1.0,3.0,1.0,2.0,1.0,1.0
286,42.0,4.0,4.0,2.0,3.0,3.0,3.0,2.0,2.0,2.0,3.0,4.0,1.0,1.0,3.0,1.0,2.0,1.0,1.0
287,42.0,4.0,4.0,2.0,3.0,3.0,3.0,2.0,2.0,2.0,3.0,4.0,1.0,1.0,3.0,1.0,2.0,1.0,1.0
288,42.0,4.0,4.0,2.0,3.0,3.0,3.0,2.0,2.0,2.0,3.0,4.0,1.0,1.0,3.0,1.0,2.0,1.0,1.0
289,42.0,4.0,4.0,2.0,3.0,3.0,3.0,2.0,2.0,2.0,3.0,4.0,1.0,1.0,3.0,1.0,2.0,1.0,1.0
290,42.0,4.0,4.0,2.0,3.0,3.0,3.0,2.0,2.0,2.0,3.0,4.0,1.0,1.0,3.0,1.0,2.0,1.0,1.0
291,42.0,4.0,4.0,2.0,3.0,3.0,3.0,2.0,2.0,2.0,3.0,4.0,1.0,1.0,3.0,1.0,2.0,1.0,1.0
292,42.0,4.0,4.0,2.0,3.0,3.0,3.0,2.0,2.0,2.0,3.0,4.0,1.0,1.0,3.0,1.0,2.0,1.0,1.0
293,42.0,4.0,4.0,2.0,3.0,3.0,3.0,2.0,2.0,2.0,3.0,4.0,1.0,1.0,3.0,1.0,2.0,1.0,1.0
294,42.0,4.0,4.0,2.0,3.0,3.0,3.0,2.0,2.0,2.0,3.0,4.0,1.0,1.0,3.0,1.0,2.0,1.0,1.0
295,42.0,4.0,4.0,2.0,3.0,3.0,3.0,2.0,2.0,2.0,3.0,4.0,1.0,1.0,3.0,1.0,2.0,1.0,1.0
296,42.0,4.0,4.0,2.0,3.0,3.0,3.0,2.0,2.0,2.0,3.0,4.0,1.0,1.0,3.0,1.0,2.0,1.0,1.0
297,42.0,4.0,4.0,2.0,3.0,3.0,3.0,2.0,2.0,2.0,3.0,4.0,1.0,1.0,3.0,1.0,2.0,1.0,1.0
298,42.0,4.0,4.0,2.0,3.0,3.0,3.0,2.0,2.0,2.0,3.0,4.0,1.0,1.0,3.0,1.0,2.0,1.0,1.0
299,42.0,4.0,4.0,2.0,3.0,3.0,3.0,2.0,2.0,2.0,3.0,4.0,1.0,1.0,3.0,1.0,2.0,1.0,1.0
300,42.0,4.0,4.0,2.0,3.0,3.0,3.0,2.0,2.0,2.0,3.0,4.0,1.0,1.0,3.0,1.0,2.0,1.0,1.0
301,42.0,4.0,4.0,2.0,3.0,3.0,3.0,2.0,2.0,2.0,3.0,4.0,1.0,1.0,3.0,1.0,2.0,1.0,1.0
302,42.0,4.0,4.0,2.0,3.0,3.0,3.0,2.0,2.0,2.0,3.0,4.0,1.0,1.0,3.0,1.0,2.0,1.0,1.0
303,42.0,4.0,4.0,2.0,3.0,3.0,3.0,2.0,2.0,2.0,3.0,4.0,1.0,1.0,3.0,1.0,2.0,1.0,1.0
304,42.0,4.0,4.0,2.0,3.0,3.0,3.0,2.0,2.0,2.0,3.0,4.0,1.0,1.0,3.0,1.0,2.0,1.0,1.0
305,42.0,4.0,4.0,2.0,3.0,3.0,3.0,2.0,2.0,2.0,3.0,4.0,1.0,1.0,3.0,1.0,2.0,1.0,1.0
306,42.0,4.0,4.0,2.0,3.0,3.0,3.0,2.0,2.0,2.0,3.0,4.0,1.0,1.0,3.0,1.0,2.0,1.0,1.0
307,42.0,4.0,4.0,2.0,3.0,3.0,3.0,2.0,2.0,2.0,3.0,4.0,1.0,1.0,3.0,1.0,2.0,1.0,1.0
308,42.0,4.0,4.0,2.0,3.0,3.0,3.0,2.0,2.0,2.0,3.0,4.0,1.0,1.0,3.0,1.0,2.0,1.0,1.0
309,42.0,4.0,4.0,2.0,3.0,3.0,3.0,2.0,2.0,2.0,3.0,4.0,1.0,1.0,3.0,1.0,2.0,1.0,1.0
310,42.0,4.0,4.0,2.0,3.0,3.0,3.0,2.0,2.0,2.0,3.0,4.0,1.0,1.0,3.0,1.0,2.0,1.0,1.0
311,42.0,4.0,4.0,2.0,3.0,3.0,3.0,2.0,2.0,2.0,3.0,4.0,1.0,1.0,3.0,1.0,2.0,1.0,1.0
312,42.0,4.0,4.0,2.0,3.0,3.0,3.0,2.0,2.0,2.0,3.0,4.0,1.0,1.0,3.0,1.0,2.0,1.0,1.0
313,42.0,4.0,4.0,2.0,3.0,3.0,3.0,2.0,2.0,2.0,3.0,4.0,1.0,1.0,3.0,1.0,2.0,1.0,1.0
314,42.0,4.0,4.0,2.0,3.0,3.0,3.0,2.0,2.0,2.0,3.0,4.0,1.0,1.0,3.0,1.0,2.0,1.0,1.0
315,42.0,4.0,4.0,2.0,3.0,3.0,3.0,2.0,2.0,2.0,3.0,4.0,1.0,1.0,3.0,1.0,2.0,1.0,1.0
316,42.0,4.0,4.0,2.0,3.0,3.0,3.0,2.0,2.0,2.0,3.0,4.0,1.0,1.0,3.0,1.0,2.0,1.0,1.0
317,42.0,4.0,4.0,2.0,3.0,3.0,3.0,2.0,2.0,2.0,3.0,4.0,1.0,1.0,3.0,1.0,2.0,1.0,1.0
318,42.0,4.0,4.0,2.0,3.0,3.0,3.0,2.0,2.0,2.0,3.0,4.0,1.0,1.0,3.0,1.0,2.0,1.0,1.0
319,42.0,4.0,4.0,2.0,3.0,3.0,3.0,2.0,2.0,2.0,3.0,4.0,1.0,1.0,3.0,1.0,2.0,1.0,1.0
320,42.0,4.0,4.0,2.0,3.0,3.0,3.0,2.0,2.0,2.0,3.0,4.0,1.0,1.0,3.0,1.0,2.0,1.0,1.0
321,42.0,4.0,4.0,2.0,3.0,3.0,3.0,2.0,2.0,2.0,3.0,4.0,1.0,1.0,3.0,1.0,2.0,1.0,1.0
322,42.0,4.0,4.0,2.0,3.0,3.0,3.0,2.0,2.0,2.0,3.0,4.0,1.0,1.0,3.0,1.0,2.0,1.0,1.0
323,42.0,4.0,4.0,2.0,3.0,3.0,3.0,2.0,2.0,2.0,3.0,4.0,1.0,1.0,3.0,1.0,2.0,1.0,1.0
324,42.0,4.0,4.0,2.0,3.0,3.0,3.0,2.0,2.0,2.0,3.0,4.0,1.0,1.0,3.0,1.0,2.0,1.0,1.0
325,42.0,4.0,4.0,2.0,3.0,3.0,3.0,2.0,2.0,2.0,3.0,4.0,1.0,1.0,3.0,1.0,2.0,1.0,1.0
326,42.0,4.0,4.0,2.0,3.0,3.0,3.0,2.0,2.0,2.0,3.0,4.0,1.0,1.0,3.0,1.0,2.0,1.0,1.0
327,42.0,4.0,4.0,2.0,3.0,3.0,3.0,2.0,2.0,2.0,3.0,4.0,1.0,1.0,3.0,1.0,2.0,1.0,1.0
328,42.0,4.0,4.0,2.0,3.0,3.0,3.0,2.0,2.0,2.0,3.0,4.0,1.0,1.0,3.0,1.0,2.0,1.0,1.0
329,42.0,4.0,4.0,2.0,3.0,3.0,3.0,2.0,2.0,2.0,3.0,4.0,1.0,1.0,3.0,1.0,2.0,1.0,1.0
330,42.0,4.0,4.0,2.0,3.0,3.0,3.0,2.0,2.0,2.0,3.0,4.0,1.0,1.0,3.0,1.0,2.0,1.0,1.0
331,42.0,4.0,4.0,2.0,3.0,3.0,3.0,2.0,2.0,2.0,3.0,4.0,1.0,1.0,3.0,1.0,2.0,1.0,1.0
332,42.0,4.0,4.0,2.0,3.0,3.0,3.0,2.0,2.0,2.0,3.0,4.0,1.0,1.0,3.0,1.0,2.0,1.0,1.0
333,42.0,4.0,4.0,2.0,3.0,3.0,3.0,2.0,2.0,2.0,3.0,4.0,1.0,1.0,3.0,1.0,2.0,1.0,1.0
334,42.0,4.0,4.0,2.0,3.0,3.0,3.0,2.0,2.0,2.0,3.0,4.0,1.0,1.0,3.0,1.0,2.0,1.0,1.0
335,42.0,4.0,4.0,2.0,3.0,3.0,3.0,2.0,2.0,2.0,3.0,4.0,1.0,1.0,3.0,1.0,2.0,1.0,1.0
336,42.0,4.0,4.0,2.0,3.0,3.0,3.0,2.0,2.0,2.0,3.0,4.0,1.0,1.0,3.0,1.0,2.0,1.0,1.0
337,42.0,4.0,4.0,2.0,3.0,3.0,3.0,2.0,2.0,2.0,3.0,4.0,1.0,1.0,3.0,1.0,2.0,1.0,1.0
338,42.0,4.0,4.0,2.0,3.0,3.0,3.0,2.0,2.0,2.0,3.0,4.0,1.0,1.0,3.0,1.0,2.0,1.0,1.0
339,42.0,4.0,4.0,2.0,3.0,3.0,3.0,2.0,2.0,2.0,3.0,4.0,1.0,1.0,3.0,1.0,2.0,1.0,1.0
340,42.0,4.0,4.0,2.0,3.0,3.0,3.0,2.0,2.0,2.0,3.0,4.0,1.0,1.0,3.0,1.0,2.0,1.0,1.0
341,42.0,4.0,4.0,2.0,3.0,3.0,3.0,2.0,2.0,2.0,3.0,4.0,1.0,1.0,3.0,1.0,2.0,1.0,1.0
342,42.0,4.0,4.0,2.0,3.0,3.0,3.0,2.0,2.0,2.0,3.0,4.0,1.0,1.0,3.0,1.0,2.0,1.0,1.0
343,42.0,4.0,4.0,2.0,3.0,3.0,3.0,2.0,2.0,2.0,3.0,4.0,1.0,1.0,3.0,1.0,2.0,1.0,1.0
344,42.0,4.0,4.0,2.0,3.0,3.0,3.0,2.0,2.0,2.0,3.0,4.0,1.0,1.0,3.0,1.0,2.0,1.0,1.0
345,42.0,4.0,4.0,2.0,3.0,3.0,3.0,2.0,2.0,2.0,3.0,4.0,1.0,1.0,3.0,1.0,2.0,1.0,1.0
346,42.0,4.0,4.0,2.0,3.0,3.0,3.0,2.0,2.0,2.0,3.0,4.0,1.0,1.0,3.0,1.0,2.0,1.0,1.0
347,42.0,4.0,4.0,2.0,3.0,3.0,3.0,2.0,2.0,2.0,3.0,4.0,1.0,1.0,3.0,1.0,2.0,1.0,1.0
348,42.0,4.0,4.0,2.0,3.0,3.0,3.0,2.0,2.0,2.0,3.0,4.0,1.0,1.0,3.0,1.0,2.0,1.0,1.0
349,42.0,4.0,4.0,2.0,3.0,3.0,3.0,2.0,2.0,2.0,3.0,4.0,1.0,1.0,3.0,1.0,2.0,1.0,1.0
350,42.0,4.0,4.0,2.0,3.0,3.0,3.0,2.0,2.0,2.0,3.0,4.0,1.0,1.0,3.0,1.0,2.0,1.0,1.0
351,43.0,4.0,5.0,2.0,3.0,3.0,3.0,2.0,2.0,2.0,3.0,4.0,1.0,1.0,3.0,1.0,2.0,1.0,1.0
352,43.0,4.0,5.0,2.0,3.0,3.0,3.0,2.0,2.0,2.0,3.0,4.0,1.0,1.0,3.0,1.0,2.0,1.0,1.0
353,43.0,4.0,5.0,2.0,3.0,3.0,3.0,2.0,2.0,2.0,3.0,4.0,1.0,1.0,3.0,1.0,2.0,1.0,1.0
354,43.0,4.0,5.0,2.0,3.0,3.0,3.0,2.0,2.0,2.0,3.0,4.0,1.0,1.0,3.0,1.0,2.0,1.0,1.0
355,43.0,4.0,5.0,2.0,3.0,3.0,3.0,2.0,2.0,2.0,3.0,4.0,1.0,1.0,3.0,1.0,2.0,1.0,1.0
356,43.0,4.0,5.0,2.0,3.0,3.0,3.0,2.0,2.0,2.0,3.0,4.0,1.0,1.0,3.0,1.0,2.0,1.0,1.0
357,43.0,4.0,5.0,2.0,3.0,3.0,3.0,2.0,2.0,2.0,3.0,4.0,1.0,1.0,3.0,1.0,2.0,1.0,1.0
358,43.0,4.0,5.0,2.0,3.0,3.0,3.0,2.0,2.0,2.0,3.0,4.0,1.0,1.0,3.0,1.0,2.0,1.0,1.0
359,43.0,4.0,5.0,2.0,3.0,3.0,3.0,2.0,2.0,2.0,3.0,4.0,1.0,1.0,3.0,1.0,2.0,1.0,1.0
360,43.0,4.0,5.0,2.0,3.0,3.0,3.0,2.0,2.0,2.0,3.0,4.0,1.0,1.0,3.0,1.0,2.0,1.0,1.0
361,43.0,4.0,5.0,2.0,3.0,3.0,3.0,2.0,2.0,2.0,3.0,4.0,1.0,1.0,3.0,1.0,2.0,1.0,1.0
362,43.0,4.0,5.0,2.0,3.0,3.0,3.0,2.0,2.0,2.0,3.0,4.0,1.0,1.0,3.0,1.0,2.0,1.0,1.0
363,43.0,4.0,5.0,2.0,3.0,3.0,3.0,2.0,2.0,2.0,3.0,4.0,1.0,1.0,3.0,1.0,2.0,1.0,1.0
364,43.0,4.0,5.0,2.0,3.0,3.0,3.0,2.0,2.0,2.0,3.0,4.0,1.0,1.0,3.0,1.0,2.0,1.0,1.0
365,43.0,4.0,5.0,2.0,3.0,3.0,3.0,2.0,2.0,2.0,3.0,4.0,1.0,1.0,3.0,1.0,2.0,1.0,1.0
366,43.0,4.0,5.0,2.0,3.0,3.0,3.0,2.0,2.0,2.0,3.0,4.0,1.0,1.0,3.0,1.0,2.0,1.0,1.0
367,43.0,4.0,5.0,2.0,3.0,3.0,3.0,2.0,2.0,2.0,3.0,4.0,1.0,1.0,3.0,1.0,2.0,1.0,1.0
368,43.0,4.0,5.0,2.0,3.0,3.0,3.0,2.0,2.0,2.0,3.0,4.0,1.0,1.0,3.0,1.0,2.0,1.0,1.0
369,43.0,4.0,5.0,2.0,3.0,3.0,3.0,2.0,2.0,2.0,3.0,4.0,1.0,1.0,3.0,1.0,2.0,1.0,1.0
370,43.0,4.0,5.0,2.0,3.0,3.0,3.0,2.0,2.0,2.0,3.0,4.0,1.0,1.0,3.0,1.0,2.0,1.0,1.0
371,43.0,4.0,5.0,2.0,3.0,3.0,3.0,2.0,2.0,2.0,3.0,4.0,1.0,1.0,3.0,1.0,2.0,1.0,1.0
372,43.0,4.0,5.0,2.0,3.0,3.0,3.0,2.0,2.0,2.0,3.0,4.0,1.0,1.0,3.0,1.0,2.0,1.0,1.0
373,43.0,4.0,5.0,2.0,3.0,3.0,3.0,2.0,2.0,2.0,3.0,4.0,1.0,1.0,3.0,1.0,2.0,1.0,1.0
374,43.0,4.0,5.0,2.0,3.0,3.0,3.0,2.0,2.0,2.0,3.0,4.0,1.0,1.0,3.0,1.0,2.0,1.0,1.0
375,43.0,4.0,5.0,2.0,3.0,3.0,3.0,2.0,2.0,2.0,3.0,4.0,1.0,1.0,3.0,1.0,2.0,1.0,1.0
376,43.0,4.0,5.0,2.0,3.0,3.0,3.0,2.0,2.0,2.0,3.0,4.0,1.0,1.0,3.0,1.0,2.0,1.0,1.0
377,43.0,4.0,5.0,2.0,3.0,3.0,3.0,2.0,2.0,2.0,3.0,4.0,1.0,1.0,3.0,1.0,2.0,1.0,1.0
378,43.0,4.0,5.0,2.0,3.0,3.0,3.0,2.0,2.0,2.0,3.0,4.0,1.0,1.0,3.0,1.0,2.0,1.0,1.0
379,43.0,4.0,5.0,2.0,3.0,3.0,3.0,2.0,2.0,2.0,3.0,4.0,1.0,1.0,3.0,1.0,2.0,1.0,1.0
380,43.0,4.0,5.0,2.0,3.0,3.0,3.0,2.0,2.0,2.0,3.0,4.0,1.0,1.0,3.0,1.0,2.0,1.0,1.0
381,43.0,4.0,5.0,2.0,3.0,3.0,3.0,2.0,2.0,2.0,3.0,4.0,1.0,1.0,3.0,1.0,2.0,1.0,1.0
382,43.0,4.0,5.0,2.0,3.0,3.0,3.0,2.0,2.0,2.0,3.0,4.0,1.0,1.0,3.0,1.0,2.0,1.0,1.0
383,43.0,4.0,5.0,2.0,3.0,3.0,3.0,2.0,2.0,2.0,3.0,4.0,1.0,1.0,3.0,1.0,2.0,1.0,1.0
384,43.0,4.0,5.0,2.0,3.0,3.0,3.0,2.0,2.0,2.0,3.0,4.0,1.0,1.0,3.0,1.0,2.0,1.0,1.0
385,43.0,4.0,5.0,2.0,3.0,3.0,3.0,2.0,2.0,2.0,3.0,4.0,1.0,1.0,3.0,1.0,2.0,1.0,1.0
386,43.0,4.0,5.0,2.0,3.0,3.0,3.0,2.0,2.0,2.0,3.0,4.0,1.0,1.0,3.0,1.0,2.0,1.0,1.0
387,43.0,4.0,5.0,2.0,3.0,3.0,3.0,2.0,2.0,2.0,3.0,4.0,1.0,1.0,3.0,1.0,2.0,1.0,1.0
388,43.0,4.0,5.0,2.0,3.0,3.0,3.0,2.0,2.0,2.0,3.0,4.0,1.0,1.0,3.0,1.0,2.0,1.0,1.0
389,43.0,4.0,5.0,2.0,3.0,3.0,3.0,2.0,2.0,2.0,3.0,4.0,1.0,1.0,3.0,1.0,2.0,1.0,1.0
390,43.0,4.0,5.0,2.0,3.0,3.0,3.0,2.0,2.0,2.0,3.0,4.0,1.0,1.0,3.0,1.0,2.0,1.0,1.0
391,43.0,4.0,5.0,2.0,3.0,3.0,3.0,2.0,2.0,2.0,3.0,4.0,1.0,1.0,3.0,1.0,2.0,1.0,1.0
392,43.0,4.0,5.0,2.0,3.0,3.0,3.0,2.0,2.0,2.0,3.0,4.0,1.0,1.0,3.0,1.0,2.0,1.0,1.0
393,43.0,4.0,5.0,2.0,3.0,3.0,3.0,2.0,2.0,2.0,3.0,4.0,1.0,1.0,3.0,1.0,2.0,1.0,1.0
394,43.0,4.0,5.0,2.0,3.0,3.0,3.0,2.0,2.0,2.0,3.0,4.0,1.0,1.0,3.0,1.0,2.0,1.0,1.0
395,43.0,4.0,5.0,2.0,3.0,3.0,3.0,2.0,2.0,2.0,3.0,4.0,1.0,1.0,3.0,1.0,2.0,1.0,1.0
396,43.0,4.0,5.0,2.0,3.0,3.0,3.0,2.0,2.0,2.0,3.0,4.0,1.0,1.0,3.0,1.0,2.0,1.0,1.0
397,43.0,4.0,5.0,2.0,3.0,3.0,3.0,2.0,2.0,2.0,3.0,4.0,1.0,1.0,3.0,1.0,2.0,1.0,1.0
398,43.0,4.0,5.0,2.0,3.0,3.0,3.0,2.0,2.0,2.0,3.0,4.0,1.0,1.0,3.0,1.0,2.0,1.0,1.0
399,43.0,4.0,5.0,2.0,3.0,3.0,3.0,2.0,2.0,2.0,3.0,4.0,1.0,1.0,3.0,1.0,2.0,1.0,1.0
400,43.0,4.0,5.0,2.0,3.0,3.0,3.0,2.0,2.0,2.0,3.0,4.0,1.0,1.0,3.0,1.0,2.0,1.0,1.0
401,43.0,4.0,5.0,2.0,3.0,3.0,3.0,2.0,2.0,2.0,3.0,4.0,1.0,1.0,3.0,1.0,2.0,1.0,1.0
402,43.0,4.0,5.0,2.0,3.0,3.0,3.0,2.0,2.0,2.0,3.0,4.0,1.0,1.0,3.0,1.0,2.0,1.0,1.0
403,43.0,4.0,5.0,2.0,3.0,3.0,3.0,2.0,2.0,2.0,3.0,4.0,1.0,1.0,3.0,1.0,2.0,1.0,1.0
404,43.0,4.0,5.0,2.0,3.0,3.0,3.0,2.0,2.0,2.0,3.0,4.0,1.0,1.0,3.0,1.0,2.0,1.0,1.0
405,44.0,4.0,5.0,2.0,3.0,3.0,3.0,3.0,2.0,2.0,3.0,4.0,1.0,1.0,3.0,1.0,2.0,1.0,1.0
406,44.0,4.0,5.0,2.0,3.0,3.0,3.0,3.0,2.0,2.0,3.0,4.0,1.0,1.0,3.0,1.0,2.0,1.0,1.0
407,44.0,4.0,5.0,2.0,3.0,3.0,3.0,3.0,2.0,2.0,3.0,4.0,1.0,1.0,3.0,1.0,2.0,1.0,1.0
408,44.0,4.0,5.0,2.0,3.0,3.0,3.0,3.0,2.0,2.0,3.0,4.0,1.0,1.0,3.0,1.0,2.0,1.0,1.0
409,44.0,4.0,5.0,2.0,3.0,3.0,3.0,3.0,2.0,2.0,3.0,4.0,1.0,1.0,3.0,1.0,2.0,1.0,1.0
410,44.0,4.0,5.0,2.0,3.0,3.0,3.0,3.0,2.0,2.0,3.0,4.0,1.0,1.0,3.0,1.0,2.0,1.0,1.0
411,44.0,4.0,5.0,2.0,3.0,3.0,3.0,3.0,2.0,2.0,3.0,4.0,1.0,1.0,3.0,1.0,2.0,1.0,1.0
412,44.0,4.0,5.0,2.0,3.0,3.0,3.0,3.0,2.0,2.0,3.0,4.0,1.0,1.0,3.0,1.0,2.0,1.0,1.0
413,44.0,4.0,5.0,2.0,3.0,3.0,3.0,3.0,2.0,2.0,3.0,4.0,1.0,1.0,3.0,1.0,2.0,1.0,1.0
414,44.0,4.0,5.0,2.0,3.0,3.0,3.0,3.0,2.0,2.0,3.0,4.0,1.0,1.0,3.0,1.0,2.0,1.0,1.0
415,44.0,4.0,5.0,2.0,3.0,3.0,3.0,3.0,2.0,2.0,3.0,4.0,1.0,1.0,3.0,1.0,2.0,1.0,1.0
416,44.0,4.0,5.0,2.0,3.0,3.0,3.0,3.0,2.0,2.0,3.0,4.0,1.0,1.0,3.0,1.0,2.0,1.0,1.0
417,44.0,4.0,5.0,2.0,3.0,3.0,3.0,3.0,2.0,2.0,3.0,4.0,1.0,1.0,3.0,1.0,2.0,1.0,1.0
418,44.0,4.0,5.0,2.0,3.0,3.0,3.0,3.0,2.0,2.0,3.0,4.0,1.0,1.0,3.0,1.0,2.0,1.0,1.0
419,44.0,4.0,5.0,2.0,3.0,3.0,3.0,3.0,2.0,2.0,3.0,4.0,1.0,1.0,3.0,1.0,2.0,1.0,1.0
420,44.0,4.0,5.0,2.0,3.0,3.0,3.0,3.0,2.0,2.0,3.0,4.0,1.0,1.0,3.0,1.0,2.0,1.0,1.0
421,44.0,4.0,5.0,2.0,3.0,3.0,3.0,3.0,2.0,2.0,3.0,4.0,1.0,1.0,3.0,1.0,2.0,1.0,1.0
422,44.0,4.0,5.0,2.0,3.0,3.0,3.0,3.0,2.0,2.0,3.0,4.0,1.0,1.0,3.0,1.0,2.0,1.0,1.0
423,44.0,4.0,5.0,2.0,3.0,3.0,3.0,3.0,2.0,2.0,3.0,4.0,1.0,1.0,3.0,1.0,2.0,1.0,1.0
424,44.0,4.0,5.0,2.0,3.0,3.0,3.0,3.0,2.0,2.0,3.0,4.0,1.0,1.0,3.0,1.0,2.0,1.0,1.0
425,44.0,4.0,5.0,2.0,3.0,3.0,3.0,3.0,2.0,2.0,3.0,4.0,1.0,1.0,3.0,1.0,2.0,1.0,1.0
426,44.0,4.0,5.0,2.0,3.0,3.0,3.0,3.0,2.0,2.0,3.0,4.0,1.0,1.0,3.0,1.0,2.0,1.0,1.0
427,44.0,4.0,5.0,2.0,3.0,3.0,3.0,3.0,2.0,2.0,3.0,4.0,1.0,1.0,3.0,1.0,2.0,1.0,1.0
428,44.0,4.0,5.0,2.0,3.0,3.0,3.0,3.0,2.0,2.0,3.0,4.0,1.0,1.0,3.0,1.0,2.0,1.0,1.0
429,44.0,4.0,5.0,2.0,3.0,3.0,3.0,3.0,2.0,2.0,3.0,4.0,1.0,1.0,3.0,1.0,2.0,1.0,1.0
430,44.0,4.0,5.0,2.0,3.0,3.0,3.0,3.0,2.0,2.0,3.0,4.0,1.0,1.0,3.0,1.0,2.0,1.0,1.0
431,44.0,4.0,5.0,2.0,3.0,3.0,3.0,3.0,2.0,2.0,3.0,4.0,1.0,1.0,3.0,1.0,2.0,1.0,1.0
432,44.0,4.0,5.0,2.0,3.0,3.0,3.0,3.0,2.0,2.0,3.0,4.0,1.0,1.0,3.0,1.0,2.0,1.0,1.0
433,44.0,4.0,5.0,2.0,3.0,3.0,3.0,3.0,2.0,2.0,3.0,4.0,1.0,1.0,3.0,1.0,2.0,1.0,1.0
434,44.0,4.0,5.0,2.0,3.0,3.0,3.0,3.0,2.0,2.0,3.0,4.0,1.0,1.0,3.0,1.0,2.0,1.0,1.0
435,44.0,4.0,5.0,2.0,3.0,3.0,3.0,3.0,2.0,2.0,3.0,4.0,1.0,1.0,3.0,1.0,2.0,1.0,1.0
436,44.0,4.0,5.0,2.0,3.0,3.0,3.0,3.0,2.0,2.0,3.0,4.0,1.0,1.0,3.0,1.0,2.0,1.0,1.0
437,44.0,4.0,5.0,2.0,3.0,3.0,3.0,3.0,2.0,2.0,3.0,4.0,1.0,1.0,3.0,1.0,2.0,1.0,1.0
438,44.0,4.0,5.0,2.0,3.0,3.0,3.0,3.0,2.0,2.0,3.0,4.0,1.0,1.0,3.0,1.0,2.0,1.0,1.0
439,44.0,4.0,5.0,2.0,3.0,3.0,3.0,3.0,2.0,2.0,3.0,4.0,1.0,1.0,3.0,1.0,2.0,1.0,1.0
440,44.0,4.0,5.0,2.0,3.0,3.0,3.0,3.0,2.0,2.0,3.0,4.0,1.0,1.0,3.0,1.0,2.0,1.0,1.0
441,44.0,4.0,5.0,2.0,3.0,3.0,3.0,3.0,2.0,2.0,3.0,4.0,1.0,1.0,3.0,1.0,2.0,1.0,1.0
442,44.0,4.0,5.0,2.0,3.0,3.0,3.0,3.0,2.0,2.0,3.0,4.0,1.0,1.0,3.0,1.0,2.0,1.0,1.0
443,44.0,4.0,5.0,2.0,3.0,3.0,3.0,3.0,2.0,2.0,3.0,4.0,1.0,1.0,3.0,1.0,2.0,1.0,1.0
444,44.0,4.0,5.0,2.0,3.0,3.0,3.0,3.0,2.0,2.0,3.0,4.0,1.0,1.0,3.0,1.0,2.0,1.0,1.0
445,44.0,4.0,5.0,2.0,3.0,3.0,3.0,3.0,2.0,2.0,3.0,4.0,1.0,1.0,3.0,1.0,2.0,1.0,1.0
446,44.0,4.0,5.0,2.0,3.0,3.0,3.0,3.0,2.0,2.0,3.0,4.0,1.0,1.0,3.0,1.0,2.0,1.0,1.0
447,44.0,4.0,5.0,2.0,3.0,3.0,3.0,3.0,2.0,2.0,3.0,4.0,1.0,1.0,3.0,1.0,2.0,1.0,1.0
448,44.0,4.0,5.0,2.0,3.0,3.0,3.0,3.0,2.0,2.0,3.0,4.0,1.0,1.0,3.0,1.0,2.0,1.0,1.0
449,44.0,4.0,5.0,2.0,3.0,3.0,3.0,3.0,2.0,2.0,3.0,4.0,1.0,1.0,3.0,1.0,2.0,1.0,1.0
450,44.0,4.0,5.0,2.0,3.0,3.0,3.0,3.0,2.0,2.0,3.0,4.0,1.0,1.0,3.0,1.0,2.0,1.0,1.0
451,44.0,4.0,5.0,2.0,3.0,3.0,3.0,3.0,2.0,2.0,3.0,4.0,1.0,1.0,3.0,1.0,2.0,1.0,1.0
452,44.0,4.0,5.0,2.0,3.0,3.0,3.0,3.0,2.0,2.0,3.0,4.0,1.0,1.0,3.0,1.0,2.0,1.0,1.0
453,44.0,4.0,5.0,2.0,3.0,3.0,3.0,3.0,2.0,2.0,3.0,4.0,1.0,1.0,3.0,1.0,2.0,1.0,1.0
454,44.0,4.0,5.0,2.0,3.0,3.0,3.0,3.0,2.0,2.0,3.0,4.0,1.0,1.0,3.0,1.0,2.0,1.0,1.0
455,44.0,4.0,5.0,2.0,3.0,3.0,3.0,3.0,2.0,2.0,3.0,4.0,1.0,1.0,3.0,1.0,2.0,1.0,1.0
456,44.0,4.0,5.0,2.0,3.0,3.0,3.0,3.0,2.0,2.0,3.0,4.0,1.0,1.0,3.0,1.0,2.0,1.0,1.0
457,44.0,4.0,5.0,2.0,3.0,3.0,3.0,3.0,2.0,2.0,3.0,4.0,1.0,1.0,3.0,1.0,2.0,1.0,1.0
458,44.0,4.0,5.0,2.0,3.0,3.0,3.0,3.0,2.0,2.0,3.0,4.0,1.0,1.0,3.0,1.0,2.0,1.0,1.0
459,44.0,4.0,5.0,2.0,3.0,3.0,3.0,3.0,2.0,2.0,3.0,4.0,1.0,1.0,3.0,1.0,2.0,1.0,1.0
460,44.0,4.0,5.0,2.0,3.0,3.0,3.0,3.0,2.0,2.0,3.0,4.0,1.0,1.0,3.0,1.0,2.0,1.0,1.0
461,44.0,4.0,5.0,2.0,3.0,3.0,3.0,3.0,2.0,2.0,3.0,4.0,1.0,1.0,3.0,1.0,2.0,1.0,1.0
462,44.0,4.0,5.0,2.0,3.0,3.0,3.0,3.0,2.0,2.0,3.0,4.0,1.0,1.0,3.0,1.0,2.0,1.0,1.0
463,44.0,4.0,5.0,2.0,3.0,3.0,3.0,3.0,2.0,2.0,3.0,4.0,1.0,1.0,3.0,1.0,2.0,1.0,1.0
464,44.0,4.0,5.0,2.0,3.0,3.0,3.0,3.0,2.0,2.0,3.0,4.0,1.0,1.0,3.0,1.0,2.0,1.0,1.0
465,44.0,4.0,5.0,2.0,3.0,3.0,3.0,3.0,2.0,2.0,3.0,4.0,1.0,1.0,3.0,1.0,2.0,1.0,1.0
466,44.0,4.0,5.0,2.0,3.0,3.0,3.0,3.0,2.0,2.0,3.0,4.0,1.0,1.0,3.0,1.0,2.0,1.0,1.0
467,44.0,4.0,5.0,2.0,3.0,3.0,3.0,3.0,2.0,2.0,3.0,4.0,1.0,1.0,3.0,1.0,2.0,1.0,1.0
468,44.0,4.0,5.0,2.0,3.0,3.0,3.0,3.0,2.0,2.0,3.0,4.0,1.0,1.0,3.0,1.0,2.0,1.0,1.0
469,44.0,4.0,5.0,2.0,3.0,3.0,3.0,3.0,2.0,2.0,3.0,4.0,1.0,1.0,3.0,1.0,2.0,1.0,1.0
470,44.0,4.0,5.0,2.0,3.0,3.0,3.0,3.0,2.0,2.0,3.0,4.0,1.0,1.0,3.0,1.0,2.0,1.0,1.0
471,44.0,4.0,5.0,2.0,3.0,3.0,3.0,3.0,2.0,2.0,3.0,4.0,1.0,1.0,3.0,1.0,2.0,1.0,1.0
472,44.0,4.0,5.0,2.0,3.0,3.0,3.0,3.0,2.0,2.0,3.0,4.0,1.0,1.0,3.0,1.0,2.0,1.0,1.0
473,44.0,4.0,5.0,2.0,3.0,3.0,3.0,3.0,2.0,2.0,3.0,4.0,1.0,1.0,3.0,1.0,2.0,1.0,1.0
474,44.0,4.0,5.0,2.0,3.0,3.0,3.0,3.0,2.0,2.0,3.0,4.0,1.0,1.0,3.0,1.0,2.0,1.0,1.0
475,44.0,4.0,5.0,2.0,3.0,3.0,3.0,3.0,2.0,2.0,3.0,4.0,1.0,1.0,3.0,1.0,2.0,1.0,1.0
476,44.0,4.0,5.0,2.0,3.0,3.0,3.0,3.0,2.0,2.0,3.0,4.0,1.0,1.0,3.0,1.0,2.0,1.0,1.0
477,44.0,4.0,5.0,2.0,3.0,3.0,3.0,3.0,2.0,2.0,3.0,4.0,1.0,1.0,3.0,1.0,2.0,1.0,1.0
478,44.0,4.0,5.0,2.0,3.0,3.0,3.0,3.0,2.0,2.0,3.0,4.0,1.0,1.0,3.0,1.0,2.0,1.0,1.0
479,44.0,4.0,5.0,2.0,3.0,3.0,3.0,3.0,2.0,2.0,3.0,4.0,1.0,1.0,3.0,1.0,2.0,1.0,1.0
480,44.0,4.0,5.0,2.0,3.0,3.0,3.0,3.0,2.0,2.0,3.0,4.0,1.0,1.0,3.0,1.0,2.0,1.0,1.0
481,44.0,4.0,5.0,2.0,3.0,3.0,3.0,3.0,2.0,2.0,3.0,4.0,1.0,1.0,3.0,1.0,2.0,1.0,1.0
482,44.0,4.0,5.0,2.0,3.0,3.0,3.0,3.0,2.0,2.0,3.0,4.0,1.0,1.0,3.0,1.0,2.0,1.0,1.0
483,44.0,4.0,5.0,2.0,3.0,3.0,3.0,3.0,2.0,2.0,3.0,4.0,1.0,1.0,3.0,1.0,2.0,1.0,1.0
484,44.0,4.0,5.0,2.0,3.0,3.0,3.0,3.0,2.0,2.0,3.0,4.0,1.0,1.0,3.0,1.0,2.0,1.0,1.0
485,44.0,4.0,5.0,2.0,3.0,3.0,3.0,3.0,2.0,2.0,3.0,4.0,1.0,1.0,3.0,1.0,2.0,1.0,1.0
486,44.0,4.0,5.0,2.0,3.0,3.0,3.0,3.0,2.0,2.0,3.0,4.0,1.0,1.0,3.0,1.0,2.0,1.0,1.0
487,44.0,4.0,5.0,2.0,3.0,3.0,3.0,3.0,2.0,2.0,3.0,4.0,1.0,1.0,3.0,1.0,2.0,1.0,1.0
488,44.0,4.0,5.0,2.0,3.0,3.0,3.0,3.0,2.0,2.0,3.0,4.0,1.0,1.0,3.0,1.0,2.0,1.0,1.0
489,44.0,4.0,5.0,2.0,3.0,3.0,3.0,3.0,2.0,2.0,3.0,4.0,1.0,1.0,3.0,1.0,2.0,1.0,1.0
490,44.0,4.0,5.0,2.0,3.0,3.0,3.0,3.0,2.0,2.0,3.0,4.0,1.0,1.0,3.0,1.0,2.0,1.0,1.0
491,44.0,4.0,5.0,2.0,3.0,3.0,3.0,3.0,2.0,2.0,3.0,4.0,1.0,1.0,3.0,1.0,2.0,1.0,1.0
492,44.0,4.0,5.0,2.0,3.0,3.0,3.0,3.0,2.0,2.0,3.0,4.0,1.0,1.0,3.0,1.0,2.0,1.0,1.0
493,44.0,4.0,5.0,2.0,3.0,3.0,3.0,3.0,2.0,2.0,3.0,4.0,1.0,1.0,3.0,1.0,2.0,1.0,1.0
494,44.0,4.0,5.0,2.0,3.0,3.0,3.0,3.0,2.0,2.0,3.0,4.0,1.0,1.0,3.0,1.0,2.0,1.0,1.0
495,44.0,4.0,5.0,2.0,3.0,3.0,3.0,3.0,2.0,2.0,3.0,4.0,1.0,1.0,3.0,1.0,2.0,1.0,1.0
496,44.0,4.0,5.0,2.0,3.0,3.0,3.0,3.0,2.0,2.0,3.0,4.0,1.0,1.0,3.0,1.0,2.0,1.0,1.0
497,44.0,4.0,5.0,2.0,3.0,3.0,3.0,3.0,2.0,2.0,3.0,4.0,1.0,1.0,3.0,1.0,2.0,1.0,1.0
498,44.0,4.0,5.0,2.0,3.0,3.0,3.0,3.0,2.0,2.0,3.0,4.0,1.0,1.0,3.0,1.0,2.0,1.0,1.0
499,44.0,4.0,5.0,2.0,3.0,3.0,3.0,3.0,2.0,2.0,3.0,4.0,1.0,1.0,3.0,1.0,2.0,1.0,1.0
500,44.0,4.0,5.0,2.0,3.0,3.0,3.0,3.0,2.0,2.0,3.0,4.0,1.0,1.0,3.0,1.0,2.0,1.0,1.0
501,44.0,4.0,5.0,2.0,3.0,3.0,3.0,3.0,2.0,2.0,3.0,4.0,1.0,1.0,3.0,1.0,2.0,1.0,1.0
502,44.0,4.0,5.0,2.0,3.0,3.0,3.0,3.0,2.0,2.0,3.0,4.0,1.0,1.0,3.0,1.0,2.0,1.0,1.0
503,44.0,4.0,5.0,2.0,3.0,3.0,3.0,3.0,2.0,2.0,3.0,4.0,1.0,1.0,3.0,1.0,2.0,1.0,1.0
504,44.0,4.0,5.0,2.0,3.0,3.0,3.0,3.0,2.0,2.0,3.0,4.0,1.0,1.0,3.0,1.0,2.0,1.0,1.0
505,44.0,4.0,5.0,2.0,3.0,3.0,3.0,3.0,2.0,2.0,3.0,4.0,1.0,1.0,3.0,1.0,2.0,1.0,1.0
506,44.0,4.0,5.0,2.0,3.0,3.0,3.0,3.0,2.0,2.0,3.0,4.0,1.0,1.0,3.0,1.0,2.0,1.0,1.0
507,44.0,4.0,5.0,2.0,3.0,3.0,3.0,3.0,2.0,2.0,3.0,4.0,1.0,1.0,3.0,1.0,2.0,1.0,1.0
508,44.0,4.0,5.0,2.0,3.0,3.0,3.0,3.0,2.0,2.0,3.0,4.0,1.0,1.0,3.0,1.0,2.0,1.0,1.0
509,44.0,4.0,5.0,2.0,3.0,3.0,3.0,3.0,2.0,2.0,3.0,4.0,1.0,1.0,3.0,1.0,2.0,1.0,1.0
510,44.0,4.0,5.0,2.0,3.0,3.0,3.0,3.0,2.0,2.0,3.0,4.0,1.0,1.0,3.0,1.0,2.0,1.0,1.0
511,44.0,4.0,5.0,2.0,3.0,3.0,3.0,3.0,2.0,2.0,3.0,4.0,1.0,1.0,3.0,1.0,2.0,1.0,1.0
512,44.0,4.0,5.0,2.0,3.0,3.0,3.0,3.0,2.0,2.0,3.0,4.0,1.0,1.0,3.0,1.0,2.0,1.0,1.0
513,44.0,4.0,5.0,2.0,3.0,3.0,3.0,3.0,2.0,2.0,3.0,4.0,1.0,1.0,3.0,1.0,2.0,1.0,1.0
514,44.0,4.0,5.0,2.0,3.0,3.0,3.0,3.0,2.0,2.0,3.0,4.0,1.0,1.0,3.0,1.0,2.0,1.0,1.0
515,44.0,4.0,5.0,2.0,3.0,3.0,3.0,3.0,2.0,2.0,3.0,4.0,1.0,1.0,3.0,1.0,2.0,1.0,1.0
516,44.0,4.0,5.0,2.0,3.0,3.0,3.0,3.0,2.0,2.0,3.0,4.0,1.0,1.0,3.0,1.0,2.0,1.0,1.0
517,44.0,4.0,5.0,2.0,3.0,3.0,3.0,3.0,2.0,2.0,3.0,4.0,1.0,1.0,3.0,1.0,2.0,1.0,1.0
518,44.0,4.0,5.0,2.0,3.0,3.0,3.0,3.0,2.0,2.0,3.0,4.0,1.0,1.0,3.0,1.0,2.0,1.0,1.0
519,44.0,4.0,5.0,2.0,3.0,3.0,3.0,3.0,2.0,2.0,3.0,4.0,1.0,1.0,3.0,1.0,2.0,1.0,1.0
520,44.0,4.0,5.0,2.0,3.0,3.0,3.0,3.0,2.0,2.0,3.0,4.0,1.0,1.0,3.0,1.0,2.0,1.0,1.0
521,44.0,4.0,5.0,2.0,3.0,3.0,3.0,3.0,2.0,2.0,3.0,4.0,1.0,1.0,3.0,1.0,2.0,1.0,1.0
522,44.0,4.0,5.0,2.0,3.0,3.0,3.0,3.0,2.0,2.0,3.0,4.0,1.0,1.0,3.0,1.0,2.0,1.0,1.0
523,44.0,4.0,5.0,2.0,3.0,3.0,3.0,3.0,2.0,2.0,3.0,4.0,1.0,1.0,3.0,1.0,2.0,1.0,1.0
524,44.0,4.0,5.0,2.0,3.0,3.0,3.0,3.0,2.0,2.0,3.0,4.0,1.0,1.0,3.0,1.0,2.0,1.0,1.0
525,44.0,4.0,5.0,2.0,3.0,3.0,3.0,3.0,2.0,2.0,3.0,4.0,1.0,1.0,3.0,1.0,2.0,1.0,1.0
526,44.0,4.0,5.0,2.0,3.0,3.0,3.0,3.0,2.0,2.0,3.0,4.0,1.0,1.0,3.0,1.0,2.0,1.0,1.0
527,44.0,4.0,5.0,2.0,3.0,3.0,3.0,3.0,2.0,2.0,3.0,4.0,1.0,1.0,3.0,1.0,2.0,1.0,1.0
528,44.0,4.0,5.0,2.0,3.0,3.0,3.0,3.0,2.0,2.0,3.0,4.0,1.0,1.0,3.0,1.0,2.0,1.0,1.0
529,44.0,4.0,5.0,2.0,3.0,3.0,3.0,3.0,2.0,2.0,3.0,4.0,1.0,1.0,3.0,1.0,2.0,1.0,1.0
530,44.0,4.0,5.0,2.0,3.0,3.0,3.0,3.0,2.0,2.0,3.0,4.0,1.0,1.0,3.0,1.0,2.0,1.0,1.0
531,44.0,4.0,5.0,2.0,3.0,3.0,3.0,3.0,2.0,2.0,3.0,4.0,1.0,1.0,3.0,1.0,2.0,1.0,1.0
532,44.0,4.0,5.0,2.0,3.0,3.0,3.0,3.0,2.0,2.0,3.0,4.0,1.0,1.0,3.0,1.0,2.0,1.0,1.0
533,44.0,4.0,5.0,2.0,3.0,3.0,3.0,3.0,2.0,2.0,3.0,4.0,1.0,1.0,3.0,1.0,2.0,1.0,1.0
534,44.0,4.0,5.0,2.0,3.0,3.0,3.0,3.0,2.0,2.0,3.0,4.0,1.0,1.0,3.0,1.0,2.0,1.0,1.0
535,44.0,4.0,5.0,2.0,3.0,3.0,3.0,3.0,2.0,2.0,3.0,4.0,1.0,1.0,3.0,1.0,2.0,1.0,1.0
536,44.0,4.0,5.0,2.0,3.0,3.0,3.0,3.0,2.0,2.0,3.0,4.0,1.0,1.0,3.0,1.0,2.0,1.0,1.0
537,44.0,4.0,5.0,2.0,3.0,3.0,3.0,3.0,2.0,2.0,3.0,4.0,1.0,1.0,3.0,1.0,2.0,1.0,1.0
538,44.0,4.0,5.0,2.0,3.0,3.0,3.0,3.0,2.0,2.0,3.0,4.0,1.0,1.0,3.0,1.0,2.0,1.0,1.0
539,44.0,4.0,5.0,2.0,3.0,3.0,3.0,3.0,2.0,2.0,3.0,4.0,1.0,1.0,3.0,1.0,2.0,1.0,1.0
540,45.0,4.0,5.0,2.0,3.0,3.0,3.0,3.0,2.0,2.0,3.0,4.0,1.0,2.0,3.0,1.0,2.0,1.0,1.0
541,45.0,4.0,5.0,2.0,3.0,3.0,3.0,3.0,2.0,2.0,3.0,4.0,1.0,2.0,3.0,1.0,2.0,1.0,1.0
542,45.0,4.0,5.0,2.0,3.0,3.0,3.0,3.0,2.0,2.0,3.0,4.0,1.0,2.0,3.0,1.0,2.0,1.0,1.0
543,45.0,4.0,5.0,2.0,3.0,3.0,3.0,3.0,2.0,2.0,3.0,4.0,1.0,2.0,3.0,1.0,2.0,1.0,1.0
544,45.0,4.0,5.0,2.0,3.0,3.0,3.0,3.0,2.0,2.0,3.0,4.0,1.0,2.0,3.0,1.0,2.0,1.0,1.0
545,45.0,4.0,5.0,2.0,3.0,3.0,3.0,3.0,2.0,2.0,3.0,4.0,1.0,2.0,3.0,1.0,2.0,1.0,1.0
546,45.0,4.0,5.0,2.0,3.0,3.0,3.0,3.0,2.0,2.0,3.0,4.0,1.0,2.0,3.0,1.0,2.0,1.0,1.0
547,45.0,4.0,5.0,2.0,3.0,3.0,3.0,3.0,2.0,2.0,3.0,4.0,1.0,2.0,3.0,1.0,2.0,1.0,1.0
548,45.0,4.0,5.0,2.0,3.0,3.0,3.0,3.0,2.0,2.0,3.0,4.0,1.0,2.0,3.0,1.0,2.0,1.0,1.0
549,45.0,4.0,5.0,2.0,3.0,3.0,3.0,3.0,2.0,2.0,3.0,4.0,1.0,2.0,3.0,1.0,2.0,1.0,1.0
550,45.0,4.0,5.0,2.0,3.0,3.0,3.0,3.0,2.0,2.0,3.0,4.0,1.0,2.0,3.0,1.0,2.0,1.0,1.0
551,45.0,4.0,5.0,2.0,3.0,3.0,3.0,3.0,2.0,2.0,3.0,4.0,1.0,2.0,3.0,1.0,2.0,1.0,1.0
552,45.0,4.0,5.0,2.0,3.0,3.0,3.0,3.0,2.0,2.0,3.0,4.0,1.0,2.0,3.0,1.0,2.0,1.0,1.0
553,45.0,4.0,5.0,2.0,3.0,3.0,3.0,3.0,2.0,2.0,3.0,4.0,1.0,2.0,3.0,1.0,2.0,1.0,1.0
554,45.0,4.0,5.0,2.0,3.0,3.0,3.0,3.0,2.0,2.0,3.0,4.0,1.0,2.0,3.0,1.0,2.0,1.0,1.0
555,45.0,4.0,5.0,2.0,3.0,3.0,3.0,3.0,2.0,2.0,3.0,4.0,1.0,2.0,3.0,1.0,2.0,1.0,1.0
556,45.0,4.0,5.0,2.0,3.0,3.0,3.0,3.0,2.0,2.0,3.0,4.0,1.0,2.0,3.0,1.0,2.0,1.0,1.0
557,45.0,4.0,5.0,2.0,3.0,3.0,3.0,3.0,2.0,2.0,3.0,4.0,1.0,2.0,3.0,1.0,2.0,1.0,1.0
558,45.0,4.0,5.0,2.0,3.0,3.0,3.0,3.0,2.0,2.0,3.0,4.0,1.0,2.0,3.0,1.0,2.0,1.0,1.0
559,45.0,4.0,5.0,2.0,3.0,3.0,3.0,3.0,2.0,2.0,3.0,4.0,1.0,2.0,3.0,1.0,2.0,1.0,1.0
560,45.0,4.0,5.0,2.0,3.0,3.0,3.0,3.0,2.0,2.0,3.0,4.0,1.0,2.0,3.0,1.0,2.0,1.0,1.0
561,45.0,4.0,5.0,2.0,3.0,3.0,3.0,3.0,2.0,2.0,3.0,4.0,1.0,2.0,3.0,1.0,2.0,1.0,1.0
562,45.0,4.0,5.0,2.0,3.0,3.0,3.0,3.0,2.0,2.0,3.0,4.0,1.0,2.0,3.0,1.0,2.0,1.0,1.0
563,45.0,4.0,5.0,2.0,3.0,3.0,3.0,3.0,2.0,2.0,3.0,4.0,1.0,2.0,3.0,1.0,2.0,1.0,1.0
564,45.0,4.0,5.0,2.0,3.0,3.0,3.0,3.0,2.0,2.0,3.0,4.0,1.0,2.0,3.0,1.0,2.0,1.0,1.0
565,45.0,4.0,5.0,2.0,3.0,3.0,3.0,3.0,2.0,2.0,3.0,4.0,1.0,2.0,3.0,1.0,2.0,1.0,1.0
566,45.0,4.0,5.0,2.0,3.0,3.0,3.0,3.0,2.0,2.0,3.0,4.0,1.0,2.0,3.0,1.0,2.0,1.0,1.0
567,45.0,4.0,5.0,2.0,3.0,3.0,3.0,3.0,2.0,2.0,3.0,4.0,1.0,2.0,3.0,1.0,2.0,1.0,1.0
568,45.0,4.0,5.0,2.0,3.0,3.0,3.0,3.0,2.0,2.0,3.0,4.0,1.0,2.0,3.0,1.0,2.0,1.0,1.0
569,45.0,4.0,5.0,2.0,3.0,3.0,3.0,3.0,2.0,2.0,3.0,4.0,1.0,2.0,3.0,1.0,2.0,1.0,1.0
570,45.0,4.0,5.0,2.0,3.0,3.0,3.0,3.0,2.0,2.0,3.0,4.0,1.0,2.0,3.0,1.0,2.0,1.0,1.0
571,45.0,4.0,5.0,2.0,3.0,3.0,3.0,3.0,2.0,2.0,3.0,4.0,1.0,2.0,3.0,1.0,2.0,1.0,1.0
572,45.0,4.0,5.0,2.0,3.0,3.0,3.0,3.0,2.0,2.0,3.0,4.0,1.0,2.0,3.0,1.0,2.0,1.0,1.0
573,45.0,4.0,5.0,2.0,3.0,3.0,3.0,3.0,2.0,2.0,3.0,4.0,1.0,2.0,3.0,1.0,2.0,1.0,1.0
574,45.0,4.0,5.0,2.0,3.0,3.0,3.0,3.0,2.0,2.0,3.0,4.0,1.0,2.0,3.0,1.0,2.0,1.0,1.0
575,45.0,4.0,5.0,2.0,3.0,3.0,3.0,3.0,2.0,2.0,3.0,4.0,1.0,2.0,3.0,1.0,2.0,1.0,1.0
576,45.0,4.0,5.0,2.0,3.0,3.0,3.0,3.0,2.0,2.0,3.0,4.0,1.0,2.0,3.0,1.0,2.0,1.0,1.0
577,45.0,4.0,5.0,2.0,3.0,3.0,3.0,3.0,2.0,2.0,3.0,4.0,1.0,2.0,3.0,1.0,2.0,1.0,1.0
578,45.0,4.0,5.0,2.0,3.0,3.0,3.0,3.0,2.0,2.0,3.0,4.0,1.0,2.0,3.0,1.0,2.0,1.0,1.0
579,45.0,4.0,5.0,2.0,3.0,3.0,3.0,3.0,2.0,2.0,3.0,4.0,1.0,2.0,3.0,1.0,2.0,1.0,1.0
580,45.0,4.0,5.0,2.0,3.0,3.0,3.0,3.0,2.0,2.0,3.0,4.0,1.0,2.0,3.0,1.0,2.0,1.0,1.0
581,45.0,4.0,5.0,2.0,3.0,3.0,3.0,3.0,2.0,2.0,3.0,4.0,1.0,2.0,3.0,1.0,2.0,1.0,1.0
582,45.0,4.0,5.0,2.0,3.0,3.0,3.0,3.0,2.0,2.0,3.0,4.0,1.0,2.0,3.0,1.0,2.0,1.0,1.0
583,45.0,4.0,5.0,2.0,3.0,3.0,3.0,3.0,2.0,2.0,3.0,4.0,1.0,2.0,3.0,1.0,2.0,1.0,1.0
584,45.0,4.0,5.0,2.0,3.0,3.0,3.0,3.0,2.0,2.0,3.0,4.0,1.0,2.0,3.0,1.0,2.0,1.0,1.0
585,45.0,4.0,5.0,2.0,3.0,3.0,3.0,3.0,2.0,2.0,3.0,4.0,1.0,2.0,3.0,1.0,2.0,1.0,1.0
586,45.0,4.0,5.0,2.0,3.0,3.0,3.0,3.0,2.0,2.0,3.0,4.0,1.0,2.0,3.0,1.0,2.0,1.0,1.0
587,45.0,4.0,5.0,2.0,3.0,3.0,3.0,3.0,2.0,2.0,3.0,4.0,1.0,2.0,3.0,1.0,2.0,1.0,1.0
588,45.0,4.0,5.0,2.0,3.0,3.0,3.0,3.0,2.0,2.0,3.0,4.0,1.0,2.0,3.0,1.0,2.0,1.0,1.0
589,45.0,4.0,5.0,2.0,3.0,3.0,3.0,3.0,2.0,2.0,3.0,4.0,1.0,2.0,3.0,1.0,2.0,1.0,1.0
590,45.0,4.0,5.0,2.0,3.0,3.0,3.0,3.0,2.0,2.0,3.0,4.0,1.0,2.0,3.0,1.0,2.0,1.0,1.0
591,45.0,4.0,5.0,2.0,3.0,3.0,3.0,3.0,2.0,2.0,3.0,4.0,1.0,2.0,3.0,1.0,2.0,1.0,1.0
592,45.0,4.0,5.0,2.0,3.0,3.0,3.0,3.0,2.0,2.0,3.0,4.0,1.0,2.0,3.0,1.0,2.0,1.0,1.0
593,45.0,4.0,5.0,2.0,3.0,3.0,3.0,3.0,2.0,2.0,3.0,4.0,1.0,2.0,3.0,1.0,2.0,1.0,1.0
594,45.0,4.0,5.0,2.0,3.0,3.0,3.0,3.0,2.0,2.0,3.0,4.0,1.0,2.0,3.0,1.0,2.0,1.0,1.0
595,45.0,4.0,5.0,2.0,3.0,3.0,3.0,3.0,2.0,2.0,3.0,4.0,1.0,2.0,3.0,1.0,2.0,1.0,1.0
596,45.0,4.0,5.0,2.0,3.0,3.0,3.0,3.0,2.0,2.0,3.0,4.0,1.0,2.0,3.0,1.0,2.0,1.0,1.0
597,45.0,4.0,5.0,2.0,3.0,3.0,3.0,3.0,2.0,2.0,3.0,4.0,1.0,2.0,3.0,1.0,2.0,1.0,1.0
598,45.0,4.0,5.0,2.0,3.0,3.0,3.0,3.0,2.0,2.0,3.0,4.0,1.0,2.0,3.0,1.0,2.0,1.0,1.0
599,45.0,4.0,5.0,2.0,3.0,3.0,3.0,3.0,2.0,2.0,3.0,4.0,1.0,2.0,3.0,1.0,2.0,1.0,1.0
600,45.0,4.0,5.0,2.0,3.0,3.0,3.0,3.0,2.0,2.0,3.0,4.0,1.0,2.0,3.0,1.0,2.0,1.0,1.0
601,45.0,4.0,5.0,2.0,3.0,3.0,3.0,3.0,2.0,2.0,3.0,4.0,1.0,2.0,3.0,1.0,2.0,1.0,1.0
602,45.0,4.0,5.0,2.0,3.0,3.0,3.0,3.0,2.0,2.0,3.0,4.0,1.0,2.0,3.0,1.0,2.0,1.0,1.0
603,45.0,4.0,5.0,2.0,3.0,3.0,3.0,3.0,2.0,2.0,3.0,4.0,1.0,2.0,3.0,1.0,2.0,1.0,1.0
604,45.0,4.0,5.0,2.0,3.0,3.0,3.0,3.0,2.0,2.0,3.0,4.0,1.0,2.0,3.0,1.0,2.0,1.0,1.0
605,45.0,4.0,5.0,2.0,3.0,3.0,3.0,3.0,2.0,2.0,3.0,4.0,1.0,2.0,3.0,1.0,2.0,1.0,1.0
606,45.0,4.0,5.0,2.0,3.0,3.0,3.0,3.0,2.0,2.0,3.0,4.0,1.0,2.0,3.0,1.0,2.0,1.0,1.0
607,45.0,4.0,5.0,2.0,3.0,3.0,3.0,3.0,2.0,2.0,3.0,4.0,1.0,2.0,3.0,1.0,2.0,1.0,1.0
608,45.0,4.0,5.0,2.0,3.0,3.0,3.0,3.0,2.0,2.0,3.0,4.0,1.0,2.0,3.0,1.0,2.0,1.0,1.0
609,45.0,4.0,5.0,2.0,3.0,3.0,3.0,3.0,2.0,2.0,3.0,4.0,1.0,2.0,3.0,1.0,2.0,1.0,1.0
610,45.0,4.0,5.0,2.0,3.0,3.0,3.0,3.0,2.0,2.0,3.0,4.0,1.0,2.0,3.0,1.0,2.0,1.0,1.0
611,45.0,4.0,5.0,2.0,3.0,3.0,3.0,3.0,2.0,2.0,3.0,4.0,1.0,2.0,3.0,1.0,2.0,1.0,1.0
612,45.0,4.0,5.0,2.0,3.0,3.0,3.0,3.0,2.0,2.0,3.0,4.0,1.0,2.0,3.0,1.0,2.0,1.0,1.0
613,45.0,4.0,5.0,2.0,3.0,3.0,3.0,3.0,2.0,2.0,3.0,4.0,1.0,2.0,3.0,1.0,2.0,1.0,1.0
614,45.0,4.0,5.0,2.0,3.0,3.0,3.0,3.0,2.0,2.0,3.0,4.0,1.0,2.0,3.0,1.0,2.0,1.0,1.0
615,45.0,4.0,5.0,2.0,3.0,3.0,3.0,3.0,2.0,2.0,3.0,4.0,1.0,2.0,3.0,1.0,2.0,1.0,1.0
616,45.0,4.0,5.0,2.0,3.0,3.0,3.0,3.0,2.0,2.0,3.0,4.0,1.0,2.0,3.0,1.0,2.0,1.0,1.0
617,45.0,4.0,5.0,2.0,3.0,3.0,3.0,3.0,2.0,2.0,3.0,4.0,1.0,2.0,3.0,1.0,2.0,1.0,1.0
618,45.0,4.0,5.0,2.0,3.0,3.0,3.0,3.0,2.0,2.0,3.0,4.0,1.0,2.0,3.0,1.0,2.0,1.0,1.0
619,45.0,4.0,5.0,2.0,3.0,3.0,3.0,3.0,2.0,2.0,3.0,4.0,1.0,2.0,3.0,1.0,2.0,1.0,1.0
620,45.0,4.0,5.0,2.0,3.0,3.0,3.0,3.0,2.0,2.0,3.0,4.0,1.0,2.0,3.0,1.0,2.0,1.0,1.0
621,45.0,4.0,5.0,2.0,3.0,3.0,3.0,3.0,2.0,2.0,3.0,4.0,1.0,2.0,3.0,1.0,2.0,1.0,1.0
622,45.0,4.0,5.0,2.0,3.0,3.0,3.0,3.0,2.0,2.0,3.0,4.0,1.0,2.0,3.0,1.0,2.0,1.0,1.0
623,45.0,4.0,5.0,2.0,3.0,3.0,3.0,3.0,2.0,2.0,3.0,4.0,1.0,2.0,3.0,1.0,2.0,1.0,1.0
624,45.0,4.0,5.0,2.0,3.0,3.0,3.0,3.0,2.0,2.0,3.0,4.0,1.0,2.0,3.0,1.0,2.0,1.0,1.0
625,45.0,4.0,5.0,2.0,3.0,3.0,3.0,3.0,2.0,2.0,3.0,4.0,1.0,2.0,3.0,1.0,2.0,1.0,1.0
626,45.0,4.0,5.0,2.0,3.0,3.0,3.0,3.0,2.0,2.0,3.0,4.0,1.0,2.0,3.0,1.0,2.0,1.0,1.0
627,45.0,4.0,5.0,2.0,3.0,3.0,3.0,3.0,2.0,2.0,3.0,4.0,1.0,2.0,3.0,1.0,2.0,1.0,1.0
628,45.0,4.0,5.0,2.0,3.0,3.0,3.0,3.0,2.0,2.0,3.0,4.0,1.0,2.0,3.0,1.0,2.0,1.0,1.0
629,45.0,4.0,5.0,2.0,3.0,3.0,3.0,3.0,2.0,2.0,3.0,4.0,1.0,2.0,3.0,1.0,2.0,1.0,1.0
630,45.0,4.0,5.0,2.0,3.0,3.0,3.0,3.0,2.0,2.0,3.0,4.0,1.0,2.0,3.0,1.0,2.0,1.0,1.0
631,45.0,4.0,5.0,2.0,3.0,3.0,3.0,3.0,2.0,2.0,3.0,4.0,1.0,2.0,3.0,1.0,2.0,1.0,1.0
632,45.0,4.0,5.0,2.0,3.0,3.0,3.0,3.0,2.0,2.0,3.0,4.0,1.0,2.0,3.0,1.0,2.0,1.0,1.0
633,45.0,4.0,5.0,2.0,3.0,3.0,3.0,3.0,2.0,2.0,3.0,4.0,1.0,2.0,3.0,1.0,2.0,1.0,1.0
634,45.0,4.0,5.0,2.0,3.0,3.0,3.0,3.0,2.0,2.0,3.0,4.0,1.0,2.0,3.0,1.0,2.0,1.0,1.0
635,45.0,4.0,5.0,2.0,3.0,3.0,3.0,3.0,2.0,2.0,3.0,4.0,1.0,2.0,3.0,1.0,2.0,1.0,1.0
636,45.0,4.0,5.0,2.0,3.0,3.0,3.0,3.0,2.0,2.0,3.0,4.0,1.0,2.0,3.0,1.0,2.0,1.0,1.0
637,45.0,4.0,5.0,2.0,3.0,3.0,3.0,3.0,2.0,2.0,3.0,4.0,1.0,2.0,3.0,1.0,2.0,1.0,1.0
638,0.0,0.0,0.0,0.0,0.0,0.0,0.0,0.0,0.0,0.0,0.0,0.0,0.0,0.0,0.0,0.0,0.0,0.0,0.0
639,0.0,0.0,0.0,0.0,0.0,0.0,0.0,0.0,0.0,0.0,0.0,0.0,0.0,0.0,0.0,0.0,0.0,0.0,0.0
640,0.0,0.0,0.0,0.0,0.0,0.0,0.0,0.0,0.0,0.0,0.0,0.0,0.0,0.0,0.0,0.0,0.0,0.0,0.0
641,0.0,0.0,0.0,0.0,0.0,0.0,0.0,0.0,0.0,0.0,0.0,0.0,0.0,0.0,0.0,0.0,0.0,0.0,0.0
642,0.0,0.0,0.0,0.0,0.0,0.0,0.0,0.0,0.0,0.0,0.0,0.0,0.0,0.0,0.0,0.0,0.0,0.0,0.0
643,0.0,0.0,0.0,0.0,0.0,0.0,0.0,0.0,0.0,0.0,0.0,0.0,0.0,0.0,0.0,0.0,0.0,0.0,0.0
644,0.0,0.0,0.0,0.0,0.0,0.0,0.0,0.0,0.0,0.0,0.0,0.0,0.0,0.0,0.0,0.0,0.0,0.0,0.0
645,0.0,0.0,0.0,0.0,0.0,0.0,0.0,0.0,0.0,0.0,0.0,0.0,0.0,0.0,0.0,0.0,0.0,0.0,0.0
646,0.0,0.0,0.0,0.0,0.0,0.0,0.0,0.0,0.0,0.0,0.0,0.0,0.0,0.0,0.0,0.0,0.0,0.0,0.0
647,0.0,0.0,0.0,0.0,0.0,0.0,0.0,0.0,0.0,0.0,0.0,0.0,0.0,0.0,0.0,0.0,0.0,0.0,0.0
648,0.0,0.0,0.0,0.0,0.0,0.0,0.0,0.0,0.0,0.0,0.0,0.0,0.0,0.0,0.0,0.0,0.0,0.0,0.0
649,0.0,0.0,0.0,0.0,0.0,0.0,0.0,0.0,0.0,0.0,0.0,0.0,0.0,0.0,0.0,0.0,0.0,0.0,0.0
650,0.0,0.0,0.0,0.0,0.0,0.0,0.0,0.0,0.0,0.0,0.0,0.0,0.0,0.0,0.0,0.0,0.0,0.0,0.0
651,0.0,0.0,0.0,0.0,0.0,0.0,0.0,0.0,0.0,0.0,0.0,0.0,0.0,0.0,0.0,0.0,0.0,0.0,0.0
652,0.0,0.0,0.0,0.0,0.0,0.0,0.0,0.0,0.0,0.0,0.0,0.0,0.0,0.0,0.0,0.0,0.0,0.0,0.0
653,0.0,0.0,0.0,0.0,0.0,0.0,0.0,0.0,0.0,0.0,0.0,0.0,0.0,0.0,0.0,0.0,0.0,0.0,0.0
654,0.0,0.0,0.0,0.0,0.0,0.0,0.0,0.0,0.0,0.0,0.0,0.0,0.0,0.0,0.0,0.0,0.0,0.0,0.0
655,0.0,0.0,0.0,0.0,0.0,0.0,0.0,0.0,0.0,0.0,0.0,0.0,0.0,0.0,0.0,0.0,0.0,0.0,0.0
656,0.0,0.0,0.0,0.0,0.0,0.0,0.0,0.0,0.0,0.0,0.0,0.0,0.0,0.0,0.0,0.0,0.0,0.0,0.0
657,0.0,0.0,0.0,0.0,0.0,0.0,0.0,0.0,0.0,0.0,0.0,0.0,0.0,0.0,0.0,0.0,0.0,0.0,0.0
658,0.0,0.0,0.0,0.0,0.0,0.0,0.0,0.0,0.0,0.0,0.0,0.0,0.0,0.0,0.0,0.0,0.0,0.0,0.0
659,0.0,0.0,0.0,0.0,0.0,0.0,0.0,0.0,0.0,0.0,0.0,0.0,0.0,0.0,0.0,0.0,0.0,0.0,0.0
660,0.0,0.0,0.0,0.0,0.0,0.0,0.0,0.0,0.0,0.0,0.0,0.0,0.0,0.0,0.0,0.0,0.0,0.0,0.0
661,0.0,0.0,0.0,0.0,0.0,0.0,0.0,0.0,0.0,0.0,0.0,0.0,0.0,0.0,0.0,0.0,0.0,0.0,0.0
662,0.0,0.0,0.0,0.0,0.0,0.0,0.0,0.0,0.0,0.0,0.0,0.0,0.0,0.0,0.0,0.0,0.0,0.0,0.0
663,0.0,0.0,0.0,0.0,0.0,0.0,0.0,0.0,0.0,0.0,0.0,0.0,0.0,0.0,0.0,0.0,0.0,0.0,0.0
664,0.0,0.0,0.0,0.0,0.0,0.0,0.0,0.0,0.0,0.0,0.0,0.0,0.0,0.0,0.0,0.0,0.0,0.0,0.0
665,0.0,0.0,0.0,0.0,0.0,0.0,0.0,0.0,0.0,0.0,0.0,0.0,0.0,0.0,0.0,0.0,0.0,0.0,0.0
666,0.0,0.0,0.0,0.0,0.0,0.0,0.0,0.0,0.0,0.0,0.0,0.0,0.0,0.0,0.0,0.0,0.0,0.0,0.0
667,0.0,0.0,0.0,0.0,0.0,0.0,0.0,0.0,0.0,0.0,0.0,0.0,0.0,0.0,0.0,0.0,0.0,0.0,0.0
668,0.0,0.0,0.0,0.0,0.0,0.0,0.0,0.0,0.0,0.0,0.0,0.0,0.0,0.0,0.0,0.0,0.0,0.0,0.0
669,0.0,0.0,0.0,0.0,0.0,0.0,0.0,0.0,0.0,0.0,0.0,0.0,0.0,0.0,0.0,0.0,0.0,0.0,0.0
670,0.0,0.0,0.0,0.0,0.0,0.0,0.0,0.0,0.0,0.0,0.0,0.0,0.0,0.0,0.0,0.0,0.0,0.0,0.0
671,0.0,0.0,0.0,0.0,0.0,0.0,0.0,0.0,0.0,0.0,0.0,0.0,0.0,0.0,0.0,0.0,0.0,0.0,0.0
672,0.0,0.0,0.0,0.0,0.0,0.0,0.0,0.0,0.0,0.0,0.0,0.0,0.0,0.0,0.0,0.0,0.0,0.0,0.0
673,0.0,0.0,0.0,0.0,0.0,0.0,0.0,0.0,0.0,0.0,0.0,0.0,0.0,0.0,0.0,0.0,0.0,0.0,0.0
674,0.0,0.0,0.0,0.0,0.0,0.0,0.0,0.0,0.0,0.0,0.0,0.0,0.0,0.0,0.0,0.0,0.0,0.0,0.0
675,0.0,0.0,0.0,0.0,0.0,0.0,0.0,0.0,0.0,0.0,0.0,0.0,0.0,0.0,0.0,0.0,0.0,0.0,0.0
676,0.0,0.0,0.0,0.0,0.0,0.0,0.0,0.0,0.0,0.0,0.0,0.0,0.0,0.0,0.0,0.0,0.0,0.0,0.0
677,0.0,0.0,0.0,0.0,0.0,0.0,0.0,0.0,0.0,0.0,0.0,0.0,0.0,0.0,0.0,0.0,0.0,0.0,0.0
678,0.0,0.0,0.0,0.0,0.0,0.0,0.0,0.0,0.0,0.0,0.0,0.0,0.0,0.0,0.0,0.0,0.0,0.0,0.0
679,0.0,0.0,0.0,0.0,0.0,0.0,0.0,0.0,0.0,0.0,0.0,0.0,0.0,0.0,0.0,0.0,0.0,0.0,0.0
680,0.0,0.0,0.0,0.0,0.0,0.0,0.0,0.0,0.0,0.0,0.0,0.0,0.0,0.0,0.0,0.0,0.0,0.0,0.0
681,0.0,0.0,0.0,0.0,0.0,0.0,0.0,0.0,0.0,0.0,0.0,0.0,0.0,0.0,0.0,0.0,0.0,0.0,0.0
682,0.0,0.0,0.0,0.0,0.0,0.0,0.0,0.0,0.0,0.0,0.0,0.0,0.0,0.0,0.0,0.0,0.0,0.0,0.0
683,0.0,0.0,0.0,0.0,0.0,0.0,0.0,0.0,0.0,0.0,0.0,0.0,0.0,0.0,0.0,0.0,0.0,0.0,0.0
684,0.0,0.0,0.0,0.0,0.0,0.0,0.0,0.0,0.0,0.0,0.0,0.0,0.0,0.0,0.0,0.0,0.0,0.0,0.0
685,0.0,0.0,0.0,0.0,0.0,0.0,0.0,0.0,0.0,0.0,0.0,0.0,0.0,0.0,0.0,0.0,0.0,0.0,0.0
686,0.0,0.0,0.0,0.0,0.0,0.0,0.0,0.0,0.0,0.0,0.0,0.0,0.0,0.0,0.0,0.0,0.0,0.0,0.0
687,0.0,0.0,0.0,0.0,0.0,0.0,0.0,0.0,0.0,0.0,0.0,0.0,0.0,0.0,0.0,0.0,0.0,0.0,0.0
688,0.0,0.0,0.0,0.0,0.0,0.0,0.0,0.0,0.0,0.0,0.0,0.0,0.0,0.0,0.0,0.0,0.0,0.0,0.0
689,0.0,0.0,0.0,0.0,0.0,0.0,0.0,0.0,0.0,0.0,0.0,0.0,0.0,0.0,0.0,0.0,0.0,0.0,0.0
690,0.0,0.0,0.0,0.0,0.0,0.0,0.0,0.0,0.0,0.0,0.0,0.0,0.0,0.0,0.0,0.0,0.0,0.0,0.0
691,0.0,0.0,0.0,0.0,0.0,0.0,0.0,0.0,0.0,0.0,0.0,0.0,0.0,0.0,0.0,0.0,0.0,0.0,0.0
692,0.0,0.0,0.0,0.0,0.0,0.0,0.0,0.0,0.0,0.0,0.0,0.0,0.0,0.0,0.0,0.0,0.0,0.0,0.0
693,0.0,0.0,0.0,0.0,0.0,0.0,0.0,0.0,0.0,0.0,0.0,0.0,0.0,0.0,0.0,0.0,0.0,0.0,0.0
694,0.0,0.0,0.0,0.0,0.0,0.0,0.0,0.0,0.0,0.0,0.0,0.0,0.0,0.0,0.0,0.0,0.0,0.0,0.0
695,0.0,0.0,0.0,0.0,0.0,0.0,0.0,0.0,0.0,0.0,0.0,0.0,0.0,0.0,0.0,0.0,0.0,0.0,0.0
696,0.0,0.0,0.0,0.0,0.0,0.0,0.0,0.0,0.0,0.0,0.0,0.0,0.0,0.0,0.0,0.0,0.0,0.0,0.0
697,0.0,0.0,0.0,0.0,0.0,0.0,0.0,0.0,0.0,0.0,0.0,0.0,0.0,0.0,0.0,0.0,0.0,0.0,0.0
698,0.0,0.0,0.0,0.0,0.0,0.0,0.0,0.0,0.0,0.0,0.0,0.0,0.0,0.0,0.0,0.0,0.0,0.0,0.0
699,0.0,0.0,0.0,0.0,0.0,0.0,0.0,0.0,0.0,0.0,0.0,0.0,0.0,0.0,0.0,0.0,0.0,0.0,0.0
700,0.0,0.0,0.0,0.0,0.0,0.0,0.0,0.0,0.0,0.0,0.0,0.0,0.0,0.0,0.0,0.0,0.0,0.0,0.0
701,0.0,0.0,0.0,0.0,0.0,0.0,0.0,0.0,0.0,0.0,0.0,0.0,0.0,0.0,0.0,0.0,0.0,0.0,0.0
702,0.0,0.0,0.0,0.0,0.0,0.0,0.0,0.0,0.0,0.0,0.0,0.0,0.0,0.0,0.0,0.0,0.0,0.0,0.0
703,0.0,0.0,0.0,0.0,0.0,0.0,0.0,0.0,0.0,0.0,0.0,0.0,0.0,0.0,0.0,0.0,0.0,0.0,0.0
704,0.0,0.0,0.0,0.0,0.0,0.0,0.0,0.0,0.0,0.0,0.0,0.0,0.0,0.0,0.0,0.0,0.0,0.0,0.0
705,0.0,0.0,0.0,0.0,0.0,0.0,0.0,0.0,0.0,0.0,0.0,0.0,0.0,0.0,0.0,0.0,0.0,0.0,0.0
706,0.0,0.0,0.0,0.0,0.0,0.0,0.0,0.0,0.0,0.0,0.0,0.0,0.0,0.0,0.0,0.0,0.0,0.0,0.0
707,0.0,0.0,0.0,0.0,0.0,0.0,0.0,0.0,0.0,0.0,0.0,0.0,0.0,0.0,0.0,0.0,0.0,0.0,0.0
708,0.0,0.0,0.0,0.0,0.0,0.0,0.0,0.0,0.0,0.0,0.0,0.0,0.0,0.0,0.0,0.0,0.0,0.0,0.0
709,0.0,0.0,0.0,0.0,0.0,0.0,0.0,0.0,0.0,0.0,0.0,0.0,0.0,0.0,0.0,0.0,0.0,0.0,0.0
710,0.0,0.0,0.0,0.0,0.0,0.0,0.0,0.0,0.0,0.0,0.0,0.0,0.0,0.0,0.0,0.0,0.0,0.0,0.0
711,0.0,0.0,0.0,0.0,0.0,0.0,0.0,0.0,0.0,0.0,0.0,0.0,0.0,0.0,0.0,0.0,0.0,0.0,0.0
712,0.0,0.0,0.0,0.0,0.0,0.0,0.0,0.0,0.0,0.0,0.0,0.0,0.0,0.0,0.0,0.0,0.0,0.0,0.0
713,0.0,0.0,0.0,0.0,0.0,0.0,0.0,0.0,0.0,0.0,0.0,0.0,0.0,0.0,0.0,0.0,0.0,0.0,0.0
714,0.0,0.0,0.0,0.0,0.0,0.0,0.0,0.0,0.0,0.0,0.0,0.0,0.0,0.0,0.0,0.0,0.0,0.0,0.0
715,0.0,0.0,0.0,0.0,0.0,0.0,0.0,0.0,0.0,0.0,0.0,0.0,0.0,0.0,0.0,0.0,0.0,0.0,0.0
716,0.0,0.0,0.0,0.0,0.0,0.0,0.0,0.0,0.0,0.0,0.0,0.0,0.0,0.0,0.0,0.0,0.0,0.0,0.0
717,0.0,0.0,0.0,0.0,0.0,0.0,0.0,0.0,0.0,0.0,0.0,0.0,0.0,0.0,0.0,0.0,0.0,0.0,0.0
718,0.0,0.0,0.0,0.0,0.0,0.0,0.0,0.0,0.0,0.0,0.0,0.0,0.0,0.0,0.0,0.0,0.0,0.0,0.0
719,0.0,0.0,0.0,0.0,0.0,0.0,0.0,0.0,0.0,0.0,0.0,0.0,0.0,0.0,0.0,0.0,0.0,0.0,0.0
720,0.0,0.0,0.0,0.0,0.0,0.0,0.0,0.0,0.0,0.0,0.0,0.0,0.0,0.0,0.0,0.0,0.0,0.0,0.0
721,0.0,0.0,0.0,0.0,0.0,0.0,0.0,0.0,0.0,0.0,0.0,0.0,0.0,0.0,0.0,0.0,0.0,0.0,0.0
722,0.0,0.0,0.0,0.0,0.0,0.0,0.0,0.0,0.0,0.0,0.0,0.0,0.0,0.0,0.0,0.0,0.0,0.0,0.0
723,0.0,0.0,0.0,0.0,0.0,0.0,0.0,0.0,0.0,0.0,0.0,0.0,0.0,0.0,0.0,0.0,0.0,0.0,0.0
724,0.0,0.0,0.0,0.0,0.0,0.0,0.0,0.0,0.0,0.0,0.0,0.0,0.0,0.0,0.0,0.0,0.0,0.0,0.0
725,0.0,0.0,0.0,0.0,0.0,0.0,0.0,0.0,0.0,0.0,0.0,0.0,0.0,0.0,0.0,0.0,0.0,0.0,0.0
726,0.0,0.0,0.0,0.0,0.0,0.0,0.0,0.0,0.0,0.0,0.0,0.0,0.0,0.0,0.0,0.0,0.0,0.0,0.0
727,0.0,0.0,0.0,0.0,0.0,0.0,0.0,0.0,0.0,0.0,0.0,0.0,0.0,0.0,0.0,0.0,0.0,0.0,0.0
728,0.0,0.0,0.0,0.0,0.0,0.0,0.0,0.0,0.0,0.0,0.0,0.0,0.0,0.0,0.0,0.0,0.0,0.0,0.0
729,0.0,0.0,0.0,0.0,0.0,0.0,0.0,0.0,0.0,0.0,0.0,0.0,0.0,0.0,0.0,0.0,0.0,0.0,0.0
730,0.0,0.0,0.0,0.0,0.0,0.0,0.0,0.0,0.0,0.0,0.0,0.0,0.0,0.0,0.0,0.0,0.0,0.0,0.0
731,0.0,0.0,0.0,0.0,0.0,0.0,0.0,0.0,0.0,0.0,0.0,0.0,0.0,0.0,0.0,0.0,0.0,0.0,0.0
732,0.0,0.0,0.0,0.0,0.0,0.0,0.0,0.0,0.0,0.0,0.0,0.0,0.0,0.0,0.0,0.0,0.0,0.0,0.0
733,0.0,0.0,0.0,0.0,0.0,0.0,0.0,0.0,0.0,0.0,0.0,0.0,0.0,0.0,0.0,0.0,0.0,0.0,0.0
734,0.0,0.0,0.0,0.0,0.0,0.0,0.0,0.0,0.0,0.0,0.0,0.0,0.0,0.0,0.0,0.0,0.0,0.0,0.0
735,0.0,0.0,0.0,0.0,0.0,0.0,0.0,0.0,0.0,0.0,0.0,0.0,0.0,0.0,0.0,0.0,0.0,0.0,0.0
736,0.0,0.0,0.0,0.0,0.0,0.0,0.0,0.0,0.0,0.0,0.0,0.0,0.0,0.0,0.0,0.0,0.0,0.0,0.0
737,0.0,0.0,0.0,0.0,0.0,0.0,0.0,0.0,0.0,0.0,0.0,0.0,0.0,0.0,0.0,0.0,0.0,0.0,0.0
738,0.0,0.0,0.0,0.0,0.0,0.0,0.0,0.0,0.0,0.0,0.0,0.0,0.0,0.0,0.0,0.0,0.0,0.0,0.0
739,0.0,0.0,0.0,0.0,0.0,0.0,0.0,0.0,0.0,0.0,0.0,0.0,0.0,0.0,0.0,0.0,0.0,0.0,0.0
740,0.0,0.0,0.0,0.0,0.0,0.0,0.0,0.0,0.0,0.0,0.0,0.0,0.0,0.0,0.0,0.0,0.0,0.0,0.0
741,0.0,0.0,0.0,0.0,0.0,0.0,0.0,0.0,0.0,0.0,0.0,0.0,0.0,0.0,0.0,0.0,0.0,0.0,0.0
742,0.0,0.0,0.0,0.0,0.0,0.0,0.0,0.0,0.0,0.0,0.0,0.0,0.0,0.0,0.0,0.0,0.0,0.0,0.0
743,0.0,0.0,0.0,0.0,0.0,0.0,0.0,0.0,0.0,0.0,0.0,0.0,0.0,0.0,0.0,0.0,0.0,0.0,0.0
744,0.0,0.0,0.0,0.0,0.0,0.0,0.0,0.0,0.0,0.0,0.0,0.0,0.0,0.0,0.0,0.0,0.0,0.0,0.0
745,0.0,0.0,0.0,0.0,0.0,0.0,0.0,0.0,0.0,0.0,0.0,0.0,0.0,0.0,0.0,0.0,0.0,0.0,0.0
746,0.0,0.0,0.0,0.0,0.0,0.0,0.0,0.0,0.0,0.0,0.0,0.0,0.0,0.0,0.0,0.0,0.0,0.0,0.0
747,0.0,0.0,0.0,0.0,0.0,0.0,0.0,0.0,0.0,0.0,0.0,0.0,0.0,0.0,0.0,0.0,0.0,0.0,0.0
748,0.0,0.0,0.0,0.0,0.0,0.0,0.0,0.0,0.0,0.0,0.0,0.0,0.0,0.0,0.0,0.0,0.0,0.0,0.0
749,0.0,0.0,0.0,0.0,0.0,0.0,0.0,0.0,0.0,0.0,0.0,0.0,0.0,0.0,0.0,0.0,0.0,0.0,0.0
750,0.0,0.0,0.0,0.0,0.0,0.0,0.0,0.0,0.0,0.0,0.0,0.0,0.0,0.0,0.0,0.0,0.0,0.0,0.0
751,0.0,0.0,0.0,0.0,0.0,0.0,0.0,0.0,0.0,0.0,0.0,0.0,0.0,0.0,0.0,0.0,0.0,0.0,0.0
752,0.0,0.0,0.0,0.0,0.0,0.0,0.0,0.0,0.0,0.0,0.0,0.0,0.0,0.0,0.0,0.0,0.0,0.0,0.0
753,0.0,0.0,0.0,0.0,0.0,0.0,0.0,0.0,0.0,0.0,0.0,0.0,0.0,0.0,0.0,0.0,0.0,0.0,0.0
754,0.0,0.0,0.0,0.0,0.0,0.0,0.0,0.0,0.0,0.0,0.0,0.0,0.0,0.0,0.0,0.0,0.0,0.0,0.0
755,0.0,0.0,0.0,0.0,0.0,0.0,0.0,0.0,0.0,0.0,0.0,0.0,0.0,0.0,0.0,0.0,0.0,0.0,0.0
756,0.0,0.0,0.0,0.0,0.0,0.0,0.0,0.0,0.0,0.0,0.0,0.0,0.0,0.0,0.0,0.0,0.0,0.0,0.0
757,0.0,0.0,0.0,0.0,0.0,0.0,0.0,0.0,0.0,0.0,0.0,0.0,0.0,0.0,0.0,0.0,0.0,0.0,0.0
758,0.0,0.0,0.0,0.0,0.0,0.0,0.0,0.0,0.0,0.0,0.0,0.0,0.0,0.0,0.0,0.0,0.0,0.0,0.0
759,0.0,0.0,0.0,0.0,0.0,0.0,0.0,0.0,0.0,0.0,0.0,0.0,0.0,0.0,0.0,0.0,0.0,0.0,0.0
760,0.0,0.0,0.0,0.0,0.0,0.0,0.0,0.0,0.0,0.0,0.0,0.0,0.0,0.0,0.0,0.0,0.0,0.0,0.0
761,0.0,0.0,0.0,0.0,0.0,0.0,0.0,0.0,0.0,0.0,0.0,0.0,0.0,0.0,0.0,0.0,0.0,0.0,0.0
762,0.0,0.0,0.0,0.0,0.0,0.0,0.0,0.0,0.0,0.0,0.0,0.0,0.0,0.0,0.0,0.0,0.0,0.0,0.0
763,0.0,0.0,0.0,0.0,0.0,0.0,0.0,0.0,0.0,0.0,0.0,0.0,0.0,0.0,0.0,0.0,0.0,0.0,0.0
764,0.0,0.0,0.0,0.0,0.0,0.0,0.0,0.0,0.0,0.0,0.0,0.0,0.0,0.0,0.0,0.0,0.0,0.0,0.0
765,0.0,0.0,0.0,0.0,0.0,0.0,0.0,0.0,0.0,0.0,0.0,0.0,0.0,0.0,0.0,0.0,0.0,0.0,0.0
766,0.0,0.0,0.0,0.0,0.0,0.0,0.0,0.0,0.0,0.0,0.0,0.0,0.0,0.0,0.0,0.0,0.0,0.0,0.0
767,0.0,0.0,0.0,0.0,0.0,0.0,0.0,0.0,0.0,0.0,0.0,0.0,0.0,0.0,0.0,0.0,0.0,0.0,0.0
768,0.0,0.0,0.0,0.0,0.0,0.0,0.0,0.0,0.0,0.0,0.0,0.0,0.0,0.0,0.0,0.0,0.0,0.0,0.0
769,0.0,0.0,0.0,0.0,0.0,0.0,0.0,0.0,0.0,0.0,0.0,0.0,0.0,0.0,0.0,0.0,0.0,0.0,0.0
770,0.0,0.0,0.0,0.0,0.0,0.0,0.0,0.0,0.0,0.0,0.0,0.0,0.0,0.0,0.0,0.0,0.0,0.0,0.0
771,0.0,0.0,0.0,0.0,0.0,0.0,0.0,0.0,0.0,0.0,0.0,0.0,0.0,0.0,0.0,0.0,0.0,0.0,0.0
772,0.0,0.0,0.0,0.0,0.0,0.0,0.0,0.0,0.0,0.0,0.0,0.0,0.0,0.0,0.0,0.0,0.0,0.0,0.0
773,0.0,0.0,0.0,0.0,0.0,0.0,0.0,0.0,0.0,0.0,0.0,0.0,0.0,0.0,0.0,0.0,0.0,0.0,0.0
774,0.0,0.0,0.0,0.0,0.0,0.0,0.0,0.0,0.0,0.0,0.0,0.0,0.0,0.0,0.0,0.0,0.0,0.0,0.0
775,0.0,0.0,0.0,0.0,0.0,0.0,0.0,0.0,0.0,0.0,0.0,0.0,0.0,0.0,0.0,0.0,0.0,0.0,0.0
776,0.0,0.0,0.0,0.0,0.0,0.0,0.0,0.0,0.0,0.0,0.0,0.0,0.0,0.0,0.0,0.0,0.0,0.0,0.0
777,0.0,0.0,0.0,0.0,0.0,0.0,0.0,0.0,0.0,0.0,0.0,0.0,0.0,0.0,0.0,0.0,0.0,0.0,0.0
778,0.0,0.0,0.0,0.0,0.0,0.0,0.0,0.0,0.0,0.0,0.0,0.0,0.0,0.0,0.0,0.0,0.0,0.0,0.0
779,0.0,0.0,0.0,0.0,0.0,0.0,0.0,0.0,0.0,0.0,0.0,0.0,0.0,0.0,0.0,0.0,0.0,0.0,0.0
780,0.0,0.0,0.0,0.0,0.0,0.0,0.0,0.0,0.0,0.0,0.0,0.0,0.0,0.0,0.0,0.0,0.0,0.0,0.0
781,0.0,0.0,0.0,0.0,0.0,0.0,0.0,0.0,0.0,0.0,0.0,0.0,0.0,0.0,0.0,0.0,0.0,0.0,0.0
782,0.0,0.0,0.0,0.0,0.0,0.0,0.0,0.0,0.0,0.0,0.0,0.0,0.0,0.0,0.0,0.0,0.0,0.0,0.0
783,0.0,0.0,0.0,0.0,0.0,0.0,0.0,0.0,0.0,0.0,0.0,0.0,0.0,0.0,0.0,0.0,0.0,0.0,0.0
784,0.0,0.0,0.0,0.0,0.0,0.0,0.0,0.0,0.0,0.0,0.0,0.0,0.0,0.0,0.0,0.0,0.0,0.0,0.0
785,0.0,0.0,0.0,0.0,0.0,0.0,0.0,0.0,0.0,0.0,0.0,0.0,0.0,0.0,0.0,0.0,0.0,0.0,0.0
786,0.0,0.0,0.0,0.0,0.0,0.0,0.0,0.0,0.0,0.0,0.0,0.0,0.0,0.0,0.0,0.0,0.0,0.0,0.0
787,0.0,0.0,0.0,0.0,0.0,0.0,0.0,0.0,0.0,0.0,0.0,0.0,0.0,0.0,0.0,0.0,0.0,0.0,0.0
788,0.0,0.0,0.0,0.0,0.0,0.0,0.0,0.0,0.0,0.0,0.0,0.0,0.0,0.0,0.0,0.0,0.0,0.0,0.0
789,0.0,0.0,0.0,0.0,0.0,0.0,0.0,0.0,0.0,0.0,0.0,0.0,0.0,0.0,0.0,0.0,0.0,0.0,0.0
790,0.0,0.0,0.0,0.0,0.0,0.0,0.0,0.0,0.0,0.0,0.0,0.0,0.0,0.0,0.0,0.0,0.0,0.0,0.0
791,0.0,0.0,0.0,0.0,0.0,0.0,0.0,0.0,0.0,0.0,0.0,0.0,0.0,0.0,0.0,0.0,0.0,0.0,0.0
792,0.0,0.0,0.0,0.0,0.0,0.0,0.0,0.0,0.0,0.0,0.0,0.0,0.0,0.0,0.0,0.0,0.0,0.0,0.0
793,0.0,0.0,0.0,0.0,0.0,0.0,0.0,0.0,0.0,0.0,0.0,0.0,0.0,0.0,0.0,0.0,0.0,0.0,0.0
794,0.0,0.0,0.0,0.0,0.0,0.0,0.0,0.0,0.0,0.0,0.0,0.0,0.0,0.0,0.0,0.0,0.0,0.0,0.0
795,0.0,0.0,0.0,0.0,0.0,0.0,0.0,0.0,0.0,0.0,0.0,0.0,0.0,0.0,0.0,0.0,0.0,0.0,0.0
796,0.0,0.0,0.0,0.0,0.0,0.0,0.0,0.0,0.0,0.0,0.0,0.0,0.0,0.0,0.0,0.0,0.0,0.0,0.0
797,0.0,0.0,0.0,0.0,0.0,0.0,0.0,0.0,0.0,0.0,0.0,0.0,0.0,0.0,0.0,0.0,0.0,0.0,0.0
798,0.0,0.0,0.0,0.0,0.0,0.0,0.0,0.0,0.0,0.0,0.0,0.0,0.0,0.0,0.0,0.0,0.0,0.0,0.0
799,0.0,0.0,0.0,0.0,0.0,0.0,0.0,0.0,0.0,0.0,0.0,0.0,0.0,0.0,0.0,0.0,0.0,0.0,0.0
800,0.0,0.0,0.0,0.0,0.0,0.0,0.0,0.0,0.0,0.0,0.0,0.0,0.0,0.0,0.0,0.0,0.0,0.0,0.0
801,0.0,0.0,0.0,0.0,0.0,0.0,0.0,0.0,0.0,0.0,0.0,0.0,0.0,0.0,0.0,0.0,0.0,0.0,0.0
802,0.0,0.0,0.0,0.0,0.0,0.0,0.0,0.0,0.0,0.0,0.0,0.0,0.0,0.0,0.0,0.0,0.0,0.0,0.0
803,0.0,0.0,0.0,0.0,0.0,0.0,0.0,0.0,0.0,0.0,0.0,0.0,0.0,0.0,0.0,0.0,0.0,0.0,0.0
804,0.0,0.0,0.0,0.0,0.0,0.0,0.0,0.0,0.0,0.0,0.0,0.0,0.0,0.0,0.0,0.0,0.0,0.0,0.0
805,0.0,0.0,0.0,0.0,0.0,0.0,0.0,0.0,0.0,0.0,0.0,0.0,0.0,0.0,0.0,0.0,0.0,0.0,0.0
806,0.0,0.0,0.0,0.0,0.0,0.0,0.0,0.0,0.0,0.0,0.0,0.0,0.0,0.0,0.0,0.0,0.0,0.0,0.0
807,0.0,0.0,0.0,0.0,0.0,0.0,0.0,0.0,0.0,0.0,0.0,0.0,0.0,0.0,0.0,0.0,0.0,0.0,0.0
808,0.0,0.0,0.0,0.0,0.0,0.0,0.0,0.0,0.0,0.0,0.0,0.0,0.0,0.0,0.0,0.0,0.0,0.0,0.0
809,0.0,0.0,0.0,0.0,0.0,0.0,0.0,0.0,0.0,0.0,0.0,0.0,0.0,0.0,0.0,0.0,0.0,0.0,0.0
810,0.0,0.0,0.0,0.0,0.0,0.0,0.0,0.0,0.0,0.0,0.0,0.0,0.0,0.0,0.0,0.0,0.0,0.0,0.0
811,0.0,0.0,0.0,0.0,0.0,0.0,0.0,0.0,0.0,0.0,0.0,0.0,0.0,0.0,0.0,0.0,0.0,0.0,0.0
812,0.0,0.0,0.0,0.0,0.0,0.0,0.0,0.0,0.0,0.0,0.0,0.0,0.0,0.0,0.0,0.0,0.0,0.0,0.0
813,0.0,0.0,0.0,0.0,0.0,0.0,0.0,0.0,0.0,0.0,0.0,0.0,0.0,0.0,0.0,0.0,0.0,0.0,0.0
814,0.0,0.0,0.0,0.0,0.0,0.0,0.0,0.0,0.0,0.0,0.0,0.0,0.0,0.0,0.0,0.0,0.0,0.0,0.0
815,0.0,0.0,0.0,0.0,0.0,0.0,0.0,0.0,0.0,0.0,0.0,0.0,0.0,0.0,0.0,0.0,0.0,0.0,0.0
816,0.0,0.0,0.0,0.0,0.0,0.0,0.0,0.0,0.0,0.0,0.0,0.0,0.0,0.0,0.0,0.0,0.0,0.0,0.0
817,0.0,0.0,0.0,0.0,0.0,0.0,0.0,0.0,0.0,0.0,0.0,0.0,0.0,0.0,0.0,0.0,0.0,0.0,0.0
818,0.0,0.0,0.0,0.0,0.0,0.0,0.0,0.0,0.0,0.0,0.0,0.0,0.0,0.0,0.0,0.0,0.0,0.0,0.0
819,0.0,0.0,0.0,0.0,0.0,0.0,0.0,0.0,0.0,0.0,0.0,0.0,0.0,0.0,0.0,0.0,0.0,0.0,0.0
820,0.0,0.0,0.0,0.0,0.0,0.0,0.0,0.0,0.0,0.0,0.0,0.0,0.0,0.0,0.0,0.0,0.0,0.0,0.0
821,0.0,0.0,0.0,0.0,0.0,0.0,0.0,0.0,0.0,0.0,0.0,0.0,0.0,0.0,0.0,0.0,0.0,0.0,0.0
822,0.0,0.0,0.0,0.0,0.0,0.0,0.0,0.0,0.0,0.0,0.0,0.0,0.0,0.0,0.0,0.0,0.0,0.0,0.0
823,0.0,0.0,0.0,0.0,0.0,0.0,0.0,0.0,0.0,0.0,0.0,0.0,0.0,0.0,0.0,0.0,0.0,0.0,0.0
824,0.0,0.0,0.0,0.0,0.0,0.0,0.0,0.0,0.0,0.0,0.0,0.0,0.0,0.0,0.0,0.0,0.0,0.0,0.0
825,0.0,0.0,0.0,0.0,0.0,0.0,0.0,0.0,0.0,0.0,0.0,0.0,0.0,0.0,0.0,0.0,0.0,0.0,0.0
826,0.0,0.0,0.0,0.0,0.0,0.0,0.0,0.0,0.0,0.0,0.0,0.0,0.0,0.0,0.0,0.0,0.0,0.0,0.0
827,0.0,0.0,0.0,0.0,0.0,0.0,0.0,0.0,0.0,0.0,0.0,0.0,0.0,0.0,0.0,0.0,0.0,0.0,0.0
828,0.0,0.0,0.0,0.0,0.0,0.0,0.0,0.0,0.0,0.0,0.0,0.0,0.0,0.0,0.0,0.0,0.0,0.0,0.0
829,0.0,0.0,0.0,0.0,0.0,0.0,0.0,0.0,0.0,0.0,0.0,0.0,0.0,0.0,0.0,0.0,0.0,0.0,0.0
830,0.0,0.0,0.0,0.0,0.0,0.0,0.0,0.0,0.0,0.0,0.0,0.0,0.0,0.0,0.0,0.0,0.0,0.0,0.0
831,0.0,0.0,0.0,0.0,0.0,0.0,0.0,0.0,0.0,0.0,0.0,0.0,0.0,0.0,0.0,0.0,0.0,0.0,0.0
832,0.0,0.0,0.0,0.0,0.0,0.0,0.0,0.0,0.0,0.0,0.0,0.0,0.0,0.0,0.0,0.0,0.0,0.0,0.0
833,0.0,0.0,0.0,0.0,0.0,0.0,0.0,0.0,0.0,0.0,0.0,0.0,0.0,0.0,0.0,0.0,0.0,0.0,0.0
834,0.0,0.0,0.0,0.0,0.0,0.0,0.0,0.0,0.0,0.0,0.0,0.0,0.0,0.0,0.0,0.0,0.0,0.0,0.0
835,0.0,0.0,0.0,0.0,0.0,0.0,0.0,0.0,0.0,0.0,0.0,0.0,0.0,0.0,0.0,0.0,0.0,0.0,0.0
836,0.0,0.0,0.0,0.0,0.0,0.0,0.0,0.0,0.0,0.0,0.0,0.0,0.0,0.0,0.0,0.0,0.0,0.0,0.0
837,0.0,0.0,0.0,0.0,0.0,0.0,0.0,0.0,0.0,0.0,0.0,0.0,0.0,0.0,0.0,0.0,0.0,0.0,0.0
838,0.0,0.0,0.0,0.0,0.0,0.0,0.0,0.0,0.0,0.0,0.0,0.0,0.0,0.0,0.0,0.0,0.0,0.0,0.0
839,0.0,0.0,0.0,0.0,0.0,0.0,0.0,0.0,0.0,0.0,0.0,0.0,0.0,0.0,0.0,0.0,0.0,0.0,0.0
840,0.0,0.0,0.0,0.0,0.0,0.0,0.0,0.0,0.0,0.0,0.0,0.0,0.0,0.0,0.0,0.0,0.0,0.0,0.0
841,0.0,0.0,0.0,0.0,0.0,0.0,0.0,0.0,0.0,0.0,0.0,0.0,0.0,0.0,0.0,0.0,0.0,0.0,0.0
842,0.0,0.0,0.0,0.0,0.0,0.0,0.0,0.0,0.0,0.0,0.0,0.0,0.0,0.0,0.0,0.0,0.0,0.0,0.0
843,0.0,0.0,0.0,0.0,0.0,0.0,0.0,0.0,0.0,0.0,0.0,0.0,0.0,0.0,0.0,0.0,0.0,0.0,0.0
844,0.0,0.0,0.0,0.0,0.0,0.0,0.0,0.0,0.0,0.0,0.0,0.0,0.0,0.0,0.0,0.0,0.0,0.0,0.0
845,0.0,0.0,0.0,0.0,0.0,0.0,0.0,0.0,0.0,0.0,0.0,0.0,0.0,0.0,0.0,0.0,0.0,0.0,0.0
846,0.0,0.0,0.0,0.0,0.0,0.0,0.0,0.0,0.0,0.0,0.0,0.0,0.0,0.0,0.0,0.0,0.0,0.0,0.0
847,0.0,0.0,0.0,0.0,0.0,0.0,0.0,0.0,0.0,0.0,0.0,0.0,0.0,0.0,0.0,0.0,0.0,0.0,0.0
848,0.0,0.0,0.0,0.0,0.0,0.0,0.0,0.0,0.0,0.0,0.0,0.0,0.0,0.0,0.0,0.0,0.0,0.0,0.0
849,0.0,0.0,0.0,0.0,0.0,0.0,0.0,0.0,0.0,0.0,0.0,0.0,0.0,0.0,0.0,0.0,0.0,0.0,0.0
850,0.0,0.0,0.0,0.0,0.0,0.0,0.0,0.0,0.0,0.0,0.0,0.0,0.0,0.0,0.0,0.0,0.0,0.0,0.0
851,0.0,0.0,0.0,0.0,0.0,0.0,0.0,0.0,0.0,0.0,0.0,0.0,0.0,0.0,0.0,0.0,0.0,0.0,0.0
852,0.0,0.0,0.0,0.0,0.0,0.0,0.0,0.0,0.0,0.0,0.0,0.0,0.0,0.0,0.0,0.0,0.0,0.0,0.0
853,0.0,0.0,0.0,0.0,0.0,0.0,0.0,0.0,0.0,0.0,0.0,0.0,0.0,0.0,0.0,0.0,0.0,0.0,0.0
854,0.0,0.0,0.0,0.0,0.0,0.0,0.0,0.0,0.0,0.0,0.0,0.0,0.0,0.0,0.0,0.0,0.0,0.0,0.0
855,0.0,0.0,0.0,0.0,0.0,0.0,0.0,0.0,0.0,0.0,0.0,0.0,0.0,0.0,0.0,0.0,0.0,0.0,0.0
856,0.0,0.0,0.0,0.0,0.0,0.0,0.0,0.0,0.0,0.0,0.0,0.0,0.0,0.0,0.0,0.0,0.0,0.0,0.0
857,0.0,0.0,0.0,0.0,0.0,0.0,0.0,0.0,0.0,0.0,0.0,0.0,0.0,0.0,0.0,0.0,0.0,0.0,0.0
858,0.0,0.0,0.0,0.0,0.0,0.0,0.0,0.0,0.0,0.0,0.0,0.0,0.0,0.0,0.0,0.0,0.0,0.0,0.0
859,0.0,0.0,0.0,0.0,0.0,0.0,0.0,0.0,0.0,0.0,0.0,0.0,0.0,0.0,0.0,0.0,0.0,0.0,0.0
860,0.0,0.0,0.0,0.0,0.0,0.0,0.0,0.0,0.0,0.0,0.0,0.0,0.0,0.0,0.0,0.0,0.0,0.0,0.0
861,0.0,0.0,0.0,0.0,0.0,0.0,0.0,0.0,0.0,0.0,0.0,0.0,0.0,0.0,0.0,0.0,0.0,0.0,0.0
862,0.0,0.0,0.0,0.0,0.0,0.0,0.0,0.0,0.0,0.0,0.0,0.0,0.0,0.0,0.0,0.0,0.0,0.0,0.0
863,0.0,0.0,0.0,0.0,0.0,0.0,0.0,0.0,0.0,0.0,0.0,0.0,0.0,0.0,0.0,0.0,0.0,0.0,0.0
864,0.0,0.0,0.0,0.0,0.0,0.0,0.0,0.0,0.0,0.0,0.0,0.0,0.0,0.0,0.0,0.0,0.0,0.0,0.0
865,0.0,0.0,0.0,0.0,0.0,0.0,0.0,0.0,0.0,0.0,0.0,0.0,0.0,0.0,0.0,0.0,0.0,0.0,0.0
866,0.0,0.0,0.0,0.0,0.0,0.0,0.0,0.0,0.0,0.0,0.0,0.0,0.0,0.0,0.0,0.0,0.0,0.0,0.0
867,0.0,0.0,0.0,0.0,0.0,0.0,0.0,0.0,0.0,0.0,0.0,0.0,0.0,0.0,0.0,0.0,0.0,0.0,0.0
868,0.0,0.0,0.0,0.0,0.0,0.0,0.0,0.0,0.0,0.0,0.0,0.0,0.0,0.0,0.0,0.0,0.0,0.0,0.0
869,0.0,0.0,0.0,0.0,0.0,0.0,0.0,0.0,0.0,0.0,0.0,0.0,0.0,0.0,0.0,0.0,0.0,0.0,0.0
870,0.0,0.0,0.0,0.0,0.0,0.0,0.0,0.0,0.0,0.0,0.0,0.0,0.0,0.0,0.0,0.0,0.0,0.0,0.0
871,0.0,0.0,0.0,0.0,0.0,0.0,0.0,0.0,0.0,0.0,0.0,0.0,0.0,0.0,0.0,0.0,0.0,0.0,0.0
872,0.0,0.0,0.0,0.0,0.0,0.0,0.0,0.0,0.0,0.0,0.0,0.0,0.0,0.0,0.0,0.0,0.0,0.0,0.0
873,0.0,0.0,0.0,0.0,0.0,0.0,0.0,0.0,0.0,0.0,0.0,0.0,0.0,0.0,0.0,0.0,0.0,0.0,0.0
874,0.0,0.0,0.0,0.0,0.0,0.0,0.0,0.0,0.0,0.0,0.0,0.0,0.0,0.0,0.0,0.0,0.0,0.0,0.0
875,0.0,0.0,0.0,0.0,0.0,0.0,0.0,0.0,0.0,0.0,0.0,0.0,0.0,0.0,0.0,0.0,0.0,0.0,0.0
876,0.0,0.0,0.0,0.0,0.0,0.0,0.0,0.0,0.0,0.0,0.0,0.0,0.0,0.0,0.0,0.0,0.0,0.0,0.0
877,0.0,0.0,0.0,0.0,0.0,0.0,0.0,0.0,0.0,0.0,0.0,0.0,0.0,0.0,0.0,0.0,0.0,0.0,0.0
878,0.0,0.0,0.0,0.0,0.0,0.0,0.0,0.0,0.0,0.0,0.0,0.0,0.0,0.0,0.0,0.0,0.0,0.0,0.0
879,0.0,0.0,0.0,0.0,0.0,0.0,0.0,0.0,0.0,0.0,0.0,0.0,0.0,0.0,0.0,0.0,0.0,0.0,0.0
880,0.0,0.0,0.0,0.0,0.0,0.0,0.0,0.0,0.0,0.0,0.0,0.0,0.0,0.0,0.0,0.0,0.0,0.0,0.0
881,0.0,0.0,0.0,0.0,0.0,0.0,0.0,0.0,0.0,0.0,0.0,0.0,0.0,0.0,0.0,0.0,0.0,0.0,0.0
882,0.0,0.0,0.0,0.0,0.0,0.0,0.0,0.0,0.0,0.0,0.0,0.0,0.0,0.0,0.0,0.0,0.0,0.0,0.0
883,0.0,0.0,0.0,0.0,0.0,0.0,0.0,0.0,0.0,0.0,0.0,0.0,0.0,0.0,0.0,0.0,0.0,0.0,0.0
884,0.0,0.0,0.0,0.0,0.0,0.0,0.0,0.0,0.0,0.0,0.0,0.0,0.0,0.0,0.0,0.0,0.0,0.0,0.0
885,0.0,0.0,0.0,0.0,0.0,0.0,0.0,0.0,0.0,0.0,0.0,0.0,0.0,0.0,0.0,0.0,0.0,0.0,0.0
886,0.0,0.0,0.0,0.0,0.0,0.0,0.0,0.0,0.0,0.0,0.0,0.0,0.0,0.0,0.0,0.0,0.0,0.0,0.0
887,0.0,0.0,0.0,0.0,0.0,0.0,0.0,0.0,0.0,0.0,0.0,0.0,0.0,0.0,0.0,0.0,0.0,0.0,0.0
888,0.0,0.0,0.0,0.0,0.0,0.0,0.0,0.0,0.0,0.0,0.0,0.0,0.0,0.0,0.0,0.0,0.0,0.0,0.0
889,0.0,0.0,0.0,0.0,0.0,0.0,0.0,0.0,0.0,0.0,0.0,0.0,0.0,0.0,0.0,0.0,0.0,0.0,0.0
890,0.0,0.0,0.0,0.0,0.0,0.0,0.0,0.0,0.0,0.0,0.0,0.0,0.0,0.0,0.0,0.0,0.0,0.0,0.0
891,0.0,0.0,0.0,0.0,0.0,0.0,0.0,0.0,0.0,0.0,0.0,0.0,0.0,0.0,0.0,0.0,0.0,0.0,0.0
892,0.0,0.0,0.0,0.0,0.0,0.0,0.0,0.0,0.0,0.0,0.0,0.0,0.0,0.0,0.0,0.0,0.0,0.0,0.0
893,0.0,0.0,0.0,0.0,0.0,0.0,0.0,0.0,0.0,0.0,0.0,0.0,0.0,0.0,0.0,0.0,0.0,0.0,0.0
894,0.0,0.0,0.0,0.0,0.0,0.0,0.0,0.0,0.0,0.0,0.0,0.0,0.0,0.0,0.0,0.0,0.0,0.0,0.0
895,0.0,0.0,0.0,0.0,0.0,0.0,0.0,0.0,0.0,0.0,0.0,0.0,0.0,0.0,0.0,0.0,0.0,0.0,0.0
896,0.0,0.0,0.0,0.0,0.0,0.0,0.0,0.0,0.0,0.0,0.0,0.0,0.0,0.0,0.0,0.0,0.0,0.0,0.0
897,0.0,0.0,0.0,0.0,0.0,0.0,0.0,0.0,0.0,0.0,0.0,0.0,0.0,0.0,0.0,0.0,0.0,0.0,0.0
898,0.0,0.0,0.0,0.0,0.0,0.0,0.0,0.0,0.0,0.0,0.0,0.0,0.0,0.0,0.0,0.0,0.0,0.0,0.0
899,0.0,0.0,0.0,0.0,0.0,0.0,0.0,0.0,0.0,0.0,0.0,0.0,0.0,0.0,0.0,0.0,0.0,0.0,0.0
900,0.0,0.0,0.0,0.0,0.0,0.0,0.0,0.0,0.0,0.0,0.0,0.0,0.0,0.0,0.0,0.0,0.0,0.0,0.0
901,0.0,0.0,0.0,0.0,0.0,0.0,0.0,0.0,0.0,0.0,0.0,0.0,0.0,0.0,0.0,0.0,0.0,0.0,0.0
902,0.0,0.0,0.0,0.0,0.0,0.0,0.0,0.0,0.0,0.0,0.0,0.0,0.0,0.0,0.0,0.0,0.0,0.0,0.0
903,0.0,0.0,0.0,0.0,0.0,0.0,0.0,0.0,0.0,0.0,0.0,0.0,0.0,0.0,0.0,0.0,0.0,0.0,0.0
904,0.0,0.0,0.0,0.0,0.0,0.0,0.0,0.0,0.0,0.0,0.0,0.0,0.0,0.0,0.0,0.0,0.0,0.0,0.0
905,0.0,0.0,0.0,0.0,0.0,0.0,0.0,0.0,0.0,0.0,0.0,0.0,0.0,0.0,0.0,0.0,0.0,0.0,0.0
906,0.0,0.0,0.0,0.0,0.0,0.0,0.0,0.0,0.0,0.0,0.0,0.0,0.0,0.0,0.0,0.0,0.0,0.0,0.0
907,0.0,0.0,0.0,0.0,0.0,0.0,0.0,0.0,0.0,0.0,0.0,0.0,0.0,0.0,0.0,0.0,0.0,0.0,0.0
908,0.0,0.0,0.0,0.0,0.0,0.0,0.0,0.0,0.0,0.0,0.0,0.0,0.0,0.0,0.0,0.0,0.0,0.0,0.0
909,0.0,0.0,0.0,0.0,0.0,0.0,0.0,0.0,0.0,0.0,0.0,0.0,0.0,0.0,0.0,0.0,0.0,0.0,0.0
910,0.0,0.0,0.0,0.0,0.0,0.0,0.0,0.0,0.0,0.0,0.0,0.0,0.0,0.0,0.0,0.0,0.0,0.0,0.0
911,0.0,0.0,0.0,0.0,0.0,0.0,0.0,0.0,0.0,0.0,0.0,0.0,0.0,0.0,0.0,0.0,0.0,0.0,0.0
912,0.0,0.0,0.0,0.0,0.0,0.0,0.0,0.0,0.0,0.0,0.0,0.0,0.0,0.0,0.0,0.0,0.0,0.0,0.0
913,0.0,0.0,0.0,0.0,0.0,0.0,0.0,0.0,0.0,0.0,0.0,0.0,0.0,0.0,0.0,0.0,0.0,0.0,0.0
914,0.0,0.0,0.0,0.0,0.0,0.0,0.0,0.0,0.0,0.0,0.0,0.0,0.0,0.0,0.0,0.0,0.0,0.0,0.0
915,0.0,0.0,0.0,0.0,0.0,0.0,0.0,0.0,0.0,0.0,0.0,0.0,0.0,0.0,0.0,0.0,0.0,0.0,0.0
916,0.0,0.0,0.0,0.0,0.0,0.0,0.0,0.0,0.0,0.0,0.0,0.0,0.0,0.0,0.0,0.0,0.0,0.0,0.0
917,0.0,0.0,0.0,0.0,0.0,0.0,0.0,0.0,0.0,0.0,0.0,0.0,0.0,0.0,0.0,0.0,0.0,0.0,0.0
918,0.0,0.0,0.0,0.0,0.0,0.0,0.0,0.0,0.0,0.0,0.0,0.0,0.0,0.0,0.0,0.0,0.0,0.0,0.0
919,0.0,0.0,0.0,0.0,0.0,0.0,0.0,0.0,0.0,0.0,0.0,0.0,0.0,0.0,0.0,0.0,0.0,0.0,0.0
920,0.0,0.0,0.0,0.0,0.0,0.0,0.0,0.0,0.0,0.0,0.0,0.0,0.0,0.0,0.0,0.0,0.0,0.0,0.0
921,0.0,0.0,0.0,0.0,0.0,0.0,0.0,0.0,0.0,0.0,0.0,0.0,0.0,0.0,0.0,0.0,0.0,0.0,0.0
922,0.0,0.0,0.0,0.0,0.0,0.0,0.0,0.0,0.0,0.0,0.0,0.0,0.0,0.0,0.0,0.0,0.0,0.0,0.0
923,0.0,0.0,0.0,0.0,0.0,0.0,0.0,0.0,0.0,0.0,0.0,0.0,0.0,0.0,0.0,0.0,0.0,0.0,0.0
924,0.0,0.0,0.0,0.0,0.0,0.0,0.0,0.0,0.0,0.0,0.0,0.0,0.0,0.0,0.0,0.0,0.0,0.0,0.0
925,0.0,0.0,0.0,0.0,0.0,0.0,0.0,0.0,0.0,0.0,0.0,0.0,0.0,0.0,0.0,0.0,0.0,0.0,0.0
926,0.0,0.0,0.0,0.0,0.0,0.0,0.0,0.0,0.0,0.0,0.0,0.0,0.0,0.0,0.0,0.0,0.0,0.0,0.0
927,0.0,0.0,0.0,0.0,0.0,0.0,0.0,0.0,0.0,0.0,0.0,0.0,0.0,0.0,0.0,0.0,0.0,0.0,0.0
928,0.0,0.0,0.0,0.0,0.0,0.0,0.0,0.0,0.0,0.0,0.0,0.0,0.0,0.0,0.0,0.0,0.0,0.0,0.0
929,0.0,0.0,0.0,0.0,0.0,0.0,0.0,0.0,0.0,0.0,0.0,0.0,0.0,0.0,0.0,0.0,0.0,0.0,0.0
930,0.0,0.0,0.0,0.0,0.0,0.0,0.0,0.0,0.0,0.0,0.0,0.0,0.0,0.0,0.0,0.0,0.0,0.0,0.0
931,0.0,0.0,0.0,0.0,0.0,0.0,0.0,0.0,0.0,0.0,0.0,0.0,0.0,0.0,0.0,0.0,0.0,0.0,0.0
932,0.0,0.0,0.0,0.0,0.0,0.0,0.0,0.0,0.0,0.0,0.0,0.0,0.0,0.0,0.0,0.0,0.0,0.0,0.0
933,0.0,0.0,0.0,0.0,0.0,0.0,0.0,0.0,0.0,0.0,0.0,0.0,0.0,0.0,0.0,0.0,0.0,0.0,0.0
934,0.0,0.0,0.0,0.0,0.0,0.0,0.0,0.0,0.0,0.0,0.0,0.0,0.0,0.0,0.0,0.0,0.0,0.0,0.0
935,0.0,0.0,0.0,0.0,0.0,0.0,0.0,0.0,0.0,0.0,0.0,0.0,0.0,0.0,0.0,0.0,0.0,0.0,0.0
936,0.0,0.0,0.0,0.0,0.0,0.0,0.0,0.0,0.0,0.0,0.0,0.0,0.0,0.0,0.0,0.0,0.0,0.0,0.0
937,0.0,0.0,0.0,0.0,0.0,0.0,0.0,0.0,0.0,0.0,0.0,0.0,0.0,0.0,0.0,0.0,0.0,0.0,0.0
938,0.0,0.0,0.0,0.0,0.0,0.0,0.0,0.0,0.0,0.0,0.0,0.0,0.0,0.0,0.0,0.0,0.0,0.0,0.0
939,0.0,0.0,0.0,0.0,0.0,0.0,0.0,0.0,0.0,0.0,0.0,0.0,0.0,0.0,0.0,0.0,0.0,0.0,0.0
940,0.0,0.0,0.0,0.0,0.0,0.0,0.0,0.0,0.0,0.0,0.0,0.0,0.0,0.0,0.0,0.0,0.0,0.0,0.0
941,0.0,0.0,0.0,0.0,0.0,0.0,0.0,0.0,0.0,0.0,0.0,0.0,0.0,0.0,0.0,0.0,0.0,0.0,0.0
942,0.0,0.0,0.0,0.0,0.0,0.0,0.0,0.0,0.0,0.0,0.0,0.0,0.0,0.0,0.0,0.0,0.0,0.0,0.0
943,0.0,0.0,0.0,0.0,0.0,0.0,0.0,0.0,0.0,0.0,0.0,0.0,0.0,0.0,0.0,0.0,0.0,0.0,0.0
944,0.0,0.0,0.0,0.0,0.0,0.0,0.0,0.0,0.0,0.0,0.0,0.0,0.0,0.0,0.0,0.0,0.0,0.0,0.0
945,0.0,0.0,0.0,0.0,0.0,0.0,0.0,0.0,0.0,0.0,0.0,0.0,0.0,0.0,0.0,0.0,0.0,0.0,0.0
946,0.0,0.0,0.0,0.0,0.0,0.0,0.0,0.0,0.0,0.0,0.0,0.0,0.0,0.0,0.0,0.0,0.0,0.0,0.0
947,0.0,0.0,0.0,0.0,0.0,0.0,0.0,0.0,0.0,0.0,0.0,0.0,0.0,0.0,0.0,0.0,0.0,0.0,0.0
948,0.0,0.0,0.0,0.0,0.0,0.0,0.0,0.0,0.0,0.0,0.0,0.0,0.0,0.0,0.0,0.0,0.0,0.0,0.0
949,0.0,0.0,0.0,0.0,0.0,0.0,0.0,0.0,0.0,0.0,0.0,0.0,0.0,0.0,0.0,0.0,0.0,0.0,0.0
950,0.0,0.0,0.0,0.0,0.0,0.0,0.0,0.0,0.0,0.0,0.0,0.0,0.0,0.0,0.0,0.0,0.0,0.0,0.0
951,0.0,0.0,0.0,0.0,0.0,0.0,0.0,0.0,0.0,0.0,0.0,0.0,0.0,0.0,0.0,0.0,0.0,0.0,0.0
952,0.0,0.0,0.0,0.0,0.0,0.0,0.0,0.0,0.0,0.0,0.0,0.0,0.0,0.0,0.0,0.0,0.0,0.0,0.0
953,0.0,0.0,0.0,0.0,0.0,0.0,0.0,0.0,0.0,0.0,0.0,0.0,0.0,0.0,0.0,0.0,0.0,0.0,0.0
954,0.0,0.0,0.0,0.0,0.0,0.0,0.0,0.0,0.0,0.0,0.0,0.0,0.0,0.0,0.0,0.0,0.0,0.0,0.0
955,0.0,0.0,0.0,0.0,0.0,0.0,0.0,0.0,0.0,0.0,0.0,0.0,0.0,0.0,0.0,0.0,0.0,0.0,0.0
956,0.0,0.0,0.0,0.0,0.0,0.0,0.0,0.0,0.0,0.0,0.0,0.0,0.0,0.0,0.0,0.0,0.0,0.0,0.0
957,0.0,0.0,0.0,0.0,0.0,0.0,0.0,0.0,0.0,0.0,0.0,0.0,0.0,0.0,0.0,0.0,0.0,0.0,0.0
958,0.0,0.0,0.0,0.0,0.0,0.0,0.0,0.0,0.0,0.0,0.0,0.0,0.0,0.0,0.0,0.0,0.0,0.0,0.0
959,0.0,0.0,0.0,0.0,0.0,0.0,0.0,0.0,0.0,0.0,0.0,0.0,0.0,0.0,0.0,0.0,0.0,0.0,0.0
960,0.0,0.0,0.0,0.0,0.0,0.0,0.0,0.0,0.0,0.0,0.0,0.0,0.0,0.0,0.0,0.0,0.0,0.0,0.0
961,0.0,0.0,0.0,0.0,0.0,0.0,0.0,0.0,0.0,0.0,0.0,0.0,0.0,0.0,0.0,0.0,0.0,0.0,0.0
962,0.0,0.0,0.0,0.0,0.0,0.0,0.0,0.0,0.0,0.0,0.0,0.0,0.0,0.0,0.0,0.0,0.0,0.0,0.0
963,0.0,0.0,0.0,0.0,0.0,0.0,0.0,0.0,0.0,0.0,0.0,0.0,0.0,0.0,0.0,0.0,0.0,0.0,0.0
964,0.0,0.0,0.0,0.0,0.0,0.0,0.0,0.0,0.0,0.0,0.0,0.0,0.0,0.0,0.0,0.0,0.0,0.0,0.0
965,0.0,0.0,0.0,0.0,0.0,0.0,0.0,0.0,0.0,0.0,0.0,0.0,0.0,0.0,0.0,0.0,0.0,0.0,0.0
966,0.0,0.0,0.0,0.0,0.0,0.0,0.0,0.0,0.0,0.0,0.0,0.0,0.0,0.0,0.0,0.0,0.0,0.0,0.0
967,0.0,0.0,0.0,0.0,0.0,0.0,0.0,0.0,0.0,0.0,0.0,0.0,0.0,0.0,0.0,0.0,0.0,0.0,0.0
968,0.0,0.0,0.0,0.0,0.0,0.0,0.0,0.0,0.0,0.0,0.0,0.0,0.0,0.0,0.0,0.0,0.0,0.0,0.0
969,0.0,0.0,0.0,0.0,0.0,0.0,0.0,0.0,0.0,0.0,0.0,0.0,0.0,0.0,0.0,0.0,0.0,0.0,0.0
970,0.0,0.0,0.0,0.0,0.0,0.0,0.0,0.0,0.0,0.0,0.0,0.0,0.0,0.0,0.0,0.0,0.0,0.0,0.0
971,0.0,0.0,0.0,0.0,0.0,0.0,0.0,0.0,0.0,0.0,0.0,0.0,0.0,0.0,0.0,0.0,0.0,0.0,0.0
972,0.0,0.0,0.0,0.0,0.0,0.0,0.0,0.0,0.0,0.0,0.0,0.0,0.0,0.0,0.0,0.0,0.0,0.0,0.0
973,0.0,0.0,0.0,0.0,0.0,0.0,0.0,0.0,0.0,0.0,0.0,0.0,0.0,0.0,0.0,0.0,0.0,0.0,0.0
974,0.0,0.0,0.0,0.0,0.0,0.0,0.0,0.0,0.0,0.0,0.0,0.0,0.0,0.0,0.0,0.0,0.0,0.0,0.0
975,0.0,0.0,0.0,0.0,0.0,0.0,0.0,0.0,0.0,0.0,0.0,0.0,0.0,0.0,0.0,0.0,0.0,0.0,0.0
976,0.0,0.0,0.0,0.0,0.0,0.0,0.0,0.0,0.0,0.0,0.0,0.0,0.0,0.0,0.0,0.0,0.0,0.0,0.0
977,0.0,0.0,0.0,0.0,0.0,0.0,0.0,0.0,0.0,0.0,0.0,0.0,0.0,0.0,0.0,0.0,0.0,0.0,0.0
978,0.0,0.0,0.0,0.0,0.0,0.0,0.0,0.0,0.0,0.0,0.0,0.0,0.0,0.0,0.0,0.0,0.0,0.0,0.0
979,0.0,0.0,0.0,0.0,0.0,0.0,0.0,0.0,0.0,0.0,0.0,0.0,0.0,0.0,0.0,0.0,0.0,0.0,0.0
980,0.0,0.0,0.0,0.0,0.0,0.0,0.0,0.0,0.0,0.0,0.0,0.0,0.0,0.0,0.0,0.0,0.0,0.0,0.0
981,0.0,0.0,0.0,0.0,0.0,0.0,0.0,0.0,0.0,0.0,0.0,0.0,0.0,0.0,0.0,0.0,0.0,0.0,0.0
982,0.0,0.0,0.0,0.0,0.0,0.0,0.0,0.0,0.0,0.0,0.0,0.0,0.0,0.0,0.0,0.0,0.0,0.0,0.0
983,0.0,0.0,0.0,0.0,0.0,0.0,0.0,0.0,0.0,0.0,0.0,0.0,0.0,0.0,0.0,0.0,0.0,0.0,0.0
984,0.0,0.0,0.0,0.0,0.0,0.0,0.0,0.0,0.0,0.0,0.0,0.0,0.0,0.0,0.0,0.0,0.0,0.0,0.0
985,0.0,0.0,0.0,0.0,0.0,0.0,0.0,0.0,0.0,0.0,0.0,0.0,0.0,0.0,0.0,0.0,0.0,0.0,0.0
986,0.0,0.0,0.0,0.0,0.0,0.0,0.0,0.0,0.0,0.0,0.0,0.0,0.0,0.0,0.0,0.0,0.0,0.0,0.0
987,0.0,0.0,0.0,0.0,0.0,0.0,0.0,0.0,0.0,0.0,0.0,0.0,0.0,0.0,0.0,0.0,0.0,0.0,0.0
988,0.0,0.0,0.0,0.0,0.0,0.0,0.0,0.0,0.0,0.0,0.0,0.0,0.0,0.0,0.0,0.0,0.0,0.0,0.0
989,0.0,0.0,0.0,0.0,0.0,0.0,0.0,0.0,0.0,0.0,0.0,0.0,0.0,0.0,0.0,0.0,0.0,0.0,0.0
990,0.0,0.0,0.0,0.0,0.0,0.0,0.0,0.0,0.0,0.0,0.0,0.0,0.0,0.0,0.0,0.0,0.0,0.0,0.0
991,0.0,0.0,0.0,0.0,0.0,0.0,0.0,0.0,0.0,0.0,0.0,0.0,0.0,0.0,0.0,0.0,0.0,0.0,0.0
992,0.0,0.0,0.0,0.0,0.0,0.0,0.0,0.0,0.0,0.0,0.0,0.0,0.0,0.0,0.0,0.0,0.0,0.0,0.0
993,0.0,0.0,0.0,0.0,0.0,0.0,0.0,0.0,0.0,0.0,0.0,0.0,0.0,0.0,0.0,0.0,0.0,0.0,0.0
994,0.0,0.0,0.0,0.0,0.0,0.0,0.0,0.0,0.0,0.0,0.0,0.0,0.0,0.0,0.0,0.0,0.0,0.0,0.0
995,0.0,0.0,0.0,0.0,0.0,0.0,0.0,0.0,0.0,0.0,0.0,0.0,0.0,0.0,0.0,0.0,0.0,0.0,0.0
996,0.0,0.0,0.0,0.0,0.0,0.0,0.0,0.0,0.0,0.0,0.0,0.0,0.0,0.0,0.0,0.0,0.0,0.0,0.0
997,0.0,0.0,0.0,0.0,0.0,0.0,0.0,0.0,0.0,0.0,0.0,0.0,0.0,0.0,0.0,0.0,0.0,0.0,0.0
998,0.0,0.0,0.0,0.0,0.0,0.0,0.0,0.0,0.0,0.0,0.0,0.0,0.0,0.0,0.0,0.0,0.0,0.0,0.0
999,0.0,0.0,0.0,0.0,0.0,0.0,0.0,0.0,0.0,0.0,0.0,0.0,0.0,0.0,0.0,0.0,0.0,0.0,0.0
